emotion,blink_rate,yawn_count,gaze_on_screen,head_pose,head_movement,status
not_detected,0.5,0.3,41.3,center,1.4,bore
neutral,0.1,0.1,99.9,center,0.1,engaged
happy,0.1,0.1,88.3,down,0,engaged
tired,0.9,0.4,64.3,down,0.4,bore
happy,0,0.1,85.3,center,0.2,engaged
happy,0.1,0,86.1,center,0,engaged
neutral,0.8,0.1,61.6,left,1.3,bore
neutral,1.1,0.2,63.9,down,0.4,bore
neutral,1,0.4,79.8,right,0.4,bore
neutral,0.1,0.1,85,up,0,engaged
neutral,0.2,0.1,87.1,center,0.2,engaged
tired,0.9,0.2,83.7,center,0.4,bore
neutral,1.1,0.4,49,right,1.5,bore
neutral,0.1,0,97.8,up,0.2,engaged
happy,0.2,0.1,86.8,down,0.1,engaged
neutral,0,0.1,97.4,center,0.1,engaged
happy,0,0,92.8,center,0.1,engaged
neutral,0,0,229.9,center,0,engaged
sad,0.8,0.4,68,center,1.2,bore
neutral,0.1,,99.2,center,0.2,engaged
happy,0.2,0.1,94.7,center,0.2,engaged
tired,1.1,0.3,71.1,left,0.4,bore
happy,0.1,0.1,91.6,down,0,engaged
happy,0.1,0.1,99,center,0.2,engaged
happy,0,0,89.2,down,0.1,engaged
tired,0.3,0.4,84.4,center,1.3,bore
neutral,0.1,0.1,95.6,down,0.2,engaged
neutral,0,0.1,95.9,center,0.1,engaged
neutral,0.3,0.2,42.6,right,0.4,bore
neutral,0,0,91.9,center,0.2,engaged
sad,0.8,0.1,78.2,center,0.7,bore
neutral,0.1,0,94.2,down,0,engaged
neutral,0.1,0.1,93.1,center,0,engaged
neutral,0.9,0.4,33.7,center,1,bore
neutral,0.8,0.1,57.4,left,1.2,bore
neutral,0.9,0.4,66.3,left,0.9,bore
neutral,0.7,0.1,55.4,center,0.6,bore
neutral,0.1,0.1,86.1,center,0,engaged
neutral,0.1,0,99.9,center,0.1,engaged
not_detected,1.1,0.3,64.4,left,0.4,bore
neutral,0.2,0.1,88.4,center,0.2,engaged
neutral,0.2,0,86,down,0.2,engaged
tired,0.5,0.1,49.2,left,0.6,bore
tired,1.2,0.1,52.5,left,1.5,bore
tired,0.6,0.4,32.4,center,1.5,bore
neutral,0.7,0.3,52.5,left,0.8,bore
neutral,1,0.4,77,center,1.5,bore
neutral,0.2,0,94.7,down,0,engaged
tired,0.5,0.3,65.4,,1.5,bore
neutral,0.2,0.1,87.9,center,0.1,engaged
neutral,0.1,0.1,89.7,center,0.1,engaged
sad,0.8,0.4,43.8,left,0.9,bore
neutral,0,0,98.5,center,0.1,engaged
neutral,0.8,0.4,48.8,center,0.9,bore
neutral,0.5,0.4,63.8,right,0.6,bore
not_detected,0.7,0.3,75.2,left,0.7,bore
neutral,0,0,88.4,down,0,engaged
neutral,0,0,98.8,center,0.2,engaged
neutral,1.1,0.4,65.1,right,0.7,bore
neutral,0,0,93.1,center,0,engaged
neutral,0.1,0.1,98.7,center,0,engaged
neutral,0.1,0,89.2,center,0,engaged
neutral,0.1,0.1,93.7,center,0.1,engaged
neutral,0.2,0.1,88.3,center,0.2,engaged
not_detected,,0.2,30.9,right,1.5,bore
neutral,0.2,0,87.9,center,0.2,engaged
tired,0.6,0.3,55.8,down,0.7,bore
neutral,1.2,0.2,43.2,left,0.6,bore
not_detected,1,0.3,55.4,left,1.5,bore
neutral,0.1,0,93.4,center,0.1,engaged
neutral,0.2,0,91.1,center,0.1,engaged
neutral,0.1,0,99.9,down,0,engaged
neutral,0,0.1,92.5,center,0,engaged
neutral,0,0,95.6,center,0.2,engaged
tired,0.5,0.1,49.2,left,0.6,bore
neutral,0,0,89.5,center,0,engaged
neutral,0,0,90.3,up,0.1,engaged
sad,0.7,0.2,31.5,center,0.7,bore
neutral,1.1,0.4,48.2,right,0.5,bore
neutral,0,0,97.7,up,0.1,engaged
sad,1.2,0.1,62.7,right,0.4,bore
neutral,0.1,0,91.3,center,0,engaged
tired,1,0.1,77.2,right,1.1,bore
sad,1.1,0.1,41.8,down,,bore
neutral,0.1,0,87.2,center,0.1,engaged
neutral,0.2,0.1,96.9,down,0.1,engaged
neutral,0.1,0,94,down,0,engaged
tired,1.2,0.1,33.4,center,0.7,bore
neutral,1.2,0.1,58.3,down,1.4,bore
neutral,0.2,0.1,88.6,,0,engaged
neutral,0.2,0.1,86.5,up,0.2,engaged
sad,1.2,0.3,63.6,center,0.9,bore
neutral,0.1,0.1,85.4,center,0,engaged
neutral,0.3,0.4,79,down,0.7,bore
neutral,0.1,0,89.4,center,0,engaged
neutral,0.2,0.1,88.5,center,0.1,engaged
neutral,0.2,0.1,95.2,center,0.1,engaged
neutral,0.2,0,95.9,center,0.1,engaged
neutral,0.1,0.1,94.6,center,0.1,engaged
neutral,0,,94.6,down,0,engaged
sad,0.5,0.4,78.5,left,0.6,bore
tired,1.2,0.2,67.3,center,1.1,bore
neutral,0.2,0,94.7,center,0.1,engaged
sad,0.9,0.4,30.2,center,0.5,bore
neutral,0,0.1,88.3,center,0.1,engaged
neutral,0.1,0.1,86.5,center,0.1,engaged
neutral,0,0.1,85.2,center,0.1,engaged
neutral,0.8,0.4,61.8,right,1.3,bore
not_detected,1.2,0.2,76.2,center,1.2,bore
neutral,0.4,0.1,75,down,1.3,bore
not_detected,0.7,0.3,75.4,left,0.7,bore
neutral,0,0,97.4,center,0.1,engaged
happy,0,0.1,98,center,0.2,engaged
neutral,0.1,0,88.7,center,0.2,engaged
tired,0.6,0.3,69.8,center,1.1,bore
happy,0,0,97.7,center,0.2,engaged
neutral,0,0,87.7,center,0.2,engaged
neutral,0.9,0.3,80,right,0.9,bore
happy,0,0.1,94.4,center,0,engaged
happy,0.1,0.1,88.6,down,0.2,engaged
tired,0.3,0.2,71.5,left,1.2,bore
neutral,0.2,0.1,91.5,center,0.2,engaged
not_detected,0.7,0.4,57.2,right,0.4,bore
neutral,0.1,0.1,86.6,center,0.2,engaged
neutral,0.7,0.1,44.1,left,1.5,bore
happy,0,0.1,99.9,center,0.1,engaged
happy,0.2,0.1,88.2,center,0.2,engaged
happy,0.1,0.1,91.2,center,0.2,engaged
not_detected,1.1,0.3,38.2,left,0.5,bore
tired,0.4,0.3,75.1,center,0.9,bore
neutral,0.1,0,97.1,up,0.1,engaged
neutral,0.7,0.4,64.1,center,0.6,bore
neutral,0.2,0,85.1,center,0,engaged
not_detected,0.7,0.1,43.2,down,1,bore
happy,0,0.1,87.9,up,0.1,engaged
not_detected,0.8,0.1,42.1,center,1.1,bore
neutral,0.2,0,85.6,center,0.2,engaged
neutral,0,0,87.5,center,0.2,engaged
neutral,0.2,0.1,86.4,down,0.2,engaged
not_detected,0.7,0.2,70.3,center,1.1,bore
neutral,0,0.1,93.6,center,0.2,engaged
not_detected,0.6,0.2,83.1,center,0.6,bore
neutral,1.2,0.4,38.9,down,0.5,bore
sad,1,0.1,47,center,1.5,bore
not_detected,0.6,0.4,64.4,,0.7,bore
neutral,0,0.1,94.7,center,0.2,engaged
neutral,0.9,0.4,83.2,left,1,bore
sad,,0.4,34.9,center,0.6,bore
happy,0.1,0,87.6,up,0.1,engaged
sad,0.5,0.2,63.2,center,0.6,bore
happy,0.2,0,91,center,0.2,engaged
neutral,0.1,0,94.9,center,0.1,engaged
tired,0.7,0.3,44.2,down,1,bore
neutral,0.2,0,94.2,up,0.1,engaged
tired,1.1,,65.9,right,0.5,bore
sad,1.1,0.3,58.1,down,1.3,bore
neutral,0,0.1,86.6,center,0,engaged
happy,0,0.1,88.4,center,0.1,engaged
tired,1.1,0.2,55.6,right,0.6,bore
sad,0.9,0.2,72.9,down,1.4,bore
neutral,0.8,0.1,67.9,center,0.6,bore
happy,0,0.1,87.9,center,0.1,engaged
happy,0.2,0,95.3,center,0,engaged
neutral,0.9,0.3,81.5,left,1.5,bore
neutral,0.6,0.3,39.5,center,0.9,bore
neutral,0.4,0.2,53.2,left,0.4,bore
tired,0.4,0.1,54.3,down,0.8,bore
neutral,0.2,0,98.9,down,0,engaged
sad,1.2,0.2,74.7,left,0.5,bore
neutral,0.7,0.1,78.5,right,0.8,bore
neutral,0.1,0.1,94.9,center,0,engaged
neutral,0.8,0.4,67.9,center,1.2,bore
happy,0.2,0,91.5,down,0.1,engaged
tired,0.4,0.3,57.4,,0.9,bore
happy,0.1,0.1,90.3,down,0,engaged
neutral,1,0.3,80.5,down,1.1,bore
neutral,0,0,98.4,center,0,engaged
neutral,0.6,0.1,37.2,left,1.2,bore
happy,0,0.1,89.6,center,0,engaged
neutral,0.2,0,95.3,center,0.1,engaged
tired,1.2,0.1,58.9,center,0.9,bore
neutral,0.2,0.1,99,center,0.2,engaged
happy,0,0,92,center,0.1,engaged
happy,0,0,93.3,up,0.1,engaged
not_detected,1.2,0.4,30.9,center,1,bore
neutral,0.1,0,95.1,center,0,engaged
neutral,0.9,0.2,66.6,left,1,bore
happy,0,0.1,91.5,center,0.1,engaged
sad,0.7,0.2,67.9,down,1.5,bore
sad,0.9,0.3,60.2,down,0.5,bore
not_detected,0.4,0.2,84.1,down,0.8,bore
sad,0.5,0.3,52.5,center,1.3,bore
tired,0.9,0.4,78.1,down,0.8,bore
tired,1,0.3,63.4,left,1,bore
sad,0.9,0.4,41.7,left,0.4,bore
happy,0.2,0.1,94.2,center,0.1,engaged
happy,0,0,98.6,center,0.1,engaged
neutral,0.1,0,96.3,center,0,engaged
neutral,0.4,0.2,42.5,down,1.2,bore
neutral,0.2,0.1,87.5,up,0,engaged
neutral,0.1,0,99.2,center,0.2,engaged
happy,0,,87.5,down,0.2,engaged
neutral,0.1,0.1,94.9,center,0,engaged
neutral,0.1,0.1,86.9,center,0.2,engaged
happy,0.2,0.1,91.3,up,0.1,engaged
sad,1.1,0.3,78.8,down,0.8,bore
neutral,0.1,0,91.4,down,0,engaged
happy,0.2,0,97.9,down,0,engaged
not_detected,0.4,0.1,82.6,center,1.5,bore
neutral,0.2,0,90.7,center,0.2,engaged
neutral,1,0.3,180.3,center,1.4,bore
tired,1.2,0.4,48.2,center,1.1,bore
neutral,0,0.1,96.4,center,0.2,engaged
neutral,0,0,239.5,down,0,engaged
tired,0.3,0.1,54.4,right,0.8,bore
sad,1.2,0.3,63.1,right,0.9,bore
neutral,0.2,,95.8,down,0,engaged
neutral,0.1,0.1,89.4,center,0.1,engaged
happy,0,0.1,89.4,center,0.2,engaged
neutral,0.1,0.1,86.9,down,0,engaged
happy,0,0,88.1,center,0,engaged
happy,0.1,0.1,98.7,down,0.2,engaged
sad,0.3,0.4,67.2,left,0.4,bore
neutral,,0.1,95.2,center,0.2,engaged
happy,0,0,95.5,center,0.2,engaged
neutral,0.1,0,93.9,center,0,engaged
neutral,0,0,97.7,center,0.1,engaged
neutral,0.2,0,91.1,center,0.1,engaged
neutral,0.6,0.1,40.5,left,1.4,bore
neutral,0.1,0.1,86.2,center,0.1,engaged
neutral,0.1,0.1,85.2,center,0.2,engaged
happy,0,0,96.9,center,0,engaged
tired,1.2,0.1,80.8,down,0.4,bore
neutral,0.2,0,99.1,down,0.2,engaged
neutral,0.9,0.4,39.9,right,1.4,bore
happy,0.2,0,88.6,center,0,engaged
neutral,0.4,0.3,65.4,left,0.9,bore
not_detected,0.8,0.4,33.9,left,1.4,bore
neutral,0.2,0.1,91.6,center,0.1,engaged
neutral,0.2,0,95,center,0.1,engaged
not_detected,0.7,0.2,68.2,down,0.7,bore
tired,0.4,0.2,68.8,left,4.4,bore
sad,0.8,0.2,50.9,right,0.5,bore
neutral,0.2,0.1,93.9,center,0.1,engaged
not_detected,0.9,0.3,44.8,left,1.2,bore
not_detected,0.9,0.3,31.5,left,1.3,bore
sad,1,0.4,51.9,up,0.5,bore
happy,0.1,0.1,92,center,0,engaged
neutral,,0,91.6,up,0,engaged
sad,0.9,0.1,80.9,right,0.4,bore
happy,0.1,0,94.3,center,0,engaged
happy,0,0.1,94.5,center,0.1,engaged
neutral,0,0.1,86.3,center,0.2,engaged
sad,1.2,0.3,84.9,center,0.4,bore
tired,0.5,0.2,59,center,0.8,bore
tired,0.4,0.2,81.4,right,1.2,bore
happy,0.2,0.1,90,up,0.2,engaged
neutral,0,0,89.2,center,0.1,engaged
happy,0.1,0.1,93.2,down,0.2,engaged
happy,0.1,0.1,85.9,center,0.2,engaged
tired,1,0.2,50.2,right,0.4,bore
tired,1.1,0.1,41,down,0.9,bore
sad,1.2,0.2,32.5,center,1,bore
tired,0.6,0.1,41.3,left,0.4,bore
neutral,0,0,89.3,center,0,engaged
happy,0.2,0,92,center,0.1,engaged
,0.3,0.1,31.6,left,0.8,bore
sad,0.8,0.2,71.6,left,0.5,bore
neutral,0.1,0.1,99,center,0.2,engaged
neutral,0,0.1,90.4,center,0.2,engaged
neutral,0,0.1,85.2,center,0.2,engaged
neutral,0.2,0.1,90.1,center,0.2,engaged
neutral,0.8,0.4,69.6,left,0.5,bore
neutral,0,0,99.8,center,0,engaged
happy,0.2,0,91.4,center,0.1,engaged
neutral,0.1,0,98,down,0,engaged
neutral,0,0,99.1,center,0,engaged
neutral,1,,73.2,right,1,bore
happy,0,0,89.3,center,0.1,engaged
neutral,0.1,0,93.9,center,0.2,engaged
neutral,0.2,0,87,center,0,engaged
neutral,0.1,0,85.5,center,0.1,engaged
tired,1.1,0.3,52.7,down,0.5,bore
neutral,1.1,0.3,47,down,0.4,bore
not_detected,1.2,0.3,81.3,center,0.6,bore
not_detected,0.7,0.2,41.7,right,0.9,bore
neutral,0.2,0,92.2,down,0,engaged
happy,0.1,0,99.2,center,0,engaged
neutral,0.2,0.1,89.8,center,0,engaged
happy,0.2,0,91.6,up,0.2,engaged
happy,0.1,0.1,92,down,0.1,engaged
not_detected,0.3,0.4,71.2,left,0.7,bore
neutral,0.5,0.2,42.3,down,0.9,bore
not_detected,0.6,0.3,75.8,left,0.8,bore
happy,0,0.1,85.3,center,0.2,engaged
neutral,0.1,0.1,87.5,center,0.2,engaged
neutral,0,0,98.6,center,0.2,engaged
neutral,1.2,0.2,63.6,left,0.6,bore
tired,0.6,0.3,48.1,center,1.1,bore
tired,0.8,0.2,61.3,center,1,bore
happy,0,0.1,99.3,down,0.1,engaged
happy,0.2,0.1,90.3,up,0,engaged
neutral,0.7,0.4,57.5,right,0.6,bore
happy,0.1,0.1,88.4,down,0.1,engaged
neutral,0,0.1,92.9,center,0.1,engaged
tired,0.6,0.4,35.7,center,0.5,bore
neutral,0.1,0.1,90.2,center,0,engaged
happy,0,0,97.9,center,0.2,engaged
tired,0.9,0.4,64.3,down,0.4,bore
tired,0.7,0.1,55.7,center,0.9,bore
happy,0.1,0.1,90,center,0,engaged
neutral,0,0,95,center,0.1,engaged
tired,1.1,0.1,41.8,down,0.6,bore
neutral,1.1,0.2,57.3,down,0.4,bore
neutral,0.2,0.1,90.8,center,0.2,engaged
sad,0.3,0.4,73.1,center,1.2,bore
neutral,0,0,88.1,center,0.1,engaged
neutral,0.1,0.1,96.4,center,0.2,engaged
neutral,0,0.1,96.9,up,0.1,engaged
happy,0.1,0.1,88.1,center,0,engaged
happy,0,0.1,95.9,center,0.2,engaged
neutral,0.2,0.1,94.4,center,0.1,engaged
neutral,0,0,,center,0.1,engaged
happy,0.1,0,94.8,center,0.1,engaged
not_detected,0.8,0.2,83.2,down,0.9,bore
happy,0,0.1,87.6,down,0.1,engaged
happy,0.2,0.1,99.2,center,0.1,engaged
neutral,0,0.1,92.2,center,0.2,engaged
happy,0,0,85.2,center,0,engaged
neutral,1.2,0.1,36.7,down,1.1,bore
neutral,1.1,0.3,60.8,right,0.5,bore
tired,0.9,0.4,77.4,center,0.5,bore
neutral,,0.1,90.1,center,0.2,engaged
neutral,0.2,0,93.4,up,0.2,engaged
neutral,0.2,0.1,86.6,center,0.2,engaged
tired,0.9,0.2,79.1,center,0.9,bore
neutral,0,0,88.1,center,0.2,engaged
happy,0.2,0,88.6,down,0,engaged
tired,1.1,0.4,47.8,right,1.4,bore
neutral,0.2,0.1,98,center,0.1,engaged
tired,0.5,0.3,56.9,down,1.1,bore
happy,0.2,0,96.2,center,0,engaged
neutral,0.2,0,89,center,0.2,engaged
neutral,0.1,0.1,88.9,center,0,engaged
sad,0.3,0.1,52.2,center,1.4,bore
tired,0.9,0.4,73.7,right,1.3,bore
tired,0.4,0.1,79.2,center,0.4,bore
happy,0.1,0.1,90.4,down,0.1,engaged
not_detected,0.6,0.4,42.1,center,0.8,bore
not_detected,0.6,0.4,52.4,up,1.2,bore
not_detected,0.8,0.2,36,down,1.4,bore
sad,0.8,0.1,42.8,left,1.5,bore
sad,0.5,0.2,38.4,left,0.4,bore
neutral,0,0.1,97.3,center,0.1,engaged
happy,0.2,0.1,91.7,center,0.1,engaged
neutral,0.1,0.1,89.2,center,0,engaged
happy,0.2,0.1,94.8,center,0.2,engaged
sad,0.4,0.3,69.3,down,0.7,bore
neutral,0,0,92.2,center,0.1,engaged
happy,0,0.1,89.6,center,0,engaged
tired,1.1,0.4,57,center,0.6,bore
happy,0,0.1,96,center,0.2,engaged
neutral,0,0.1,94.6,center,0.2,engaged
not_detected,0.4,0.3,57.6,right,0.4,bore
tired,0.5,0.2,44.2,right,0.5,bore
tired,0.3,0.1,67.8,up,1.5,bore
sad,0.4,0.3,68.2,down,1.4,bore
neutral,1,0.3,40.3,left,0.6,bore
happy,0,0,96.3,center,0.1,engaged
not_detected,0.6,0.2,77,center,1.1,bore
happy,0.2,0.1,95.6,center,0.1,engaged
happy,0.2,0,88.7,center,0.2,engaged
happy,0,0.1,96,up,0,engaged
not_detected,0.5,0.3,81.3,down,1.1,bore
,0.6,0.4,53.3,center,0.5,bore
neutral,0.1,0.1,91.2,center,0,engaged
sad,0.4,0.2,83.6,right,1.1,bore
sad,0.6,0.3,83.3,left,0.5,bore
neutral,0,0,93.5,center,,engaged
happy,0.1,0,98.4,up,0,engaged
neutral,0.8,0.4,37.7,left,1,bore
neutral,0,0,92.5,center,0.2,engaged
neutral,0.1,0,90.4,center,0.2,engaged
neutral,0.2,0,89.4,center,0.1,engaged
neutral,0,0,87.2,center,0.1,engaged
sad,0.5,0.2,37.2,left,1.5,bore
not_detected,0.6,0.4,,center,0.5,bore
neutral,0.2,0,91.8,center,0,engaged
sad,1.2,0.4,35.5,down,1.1,bore
happy,0.1,0,98.5,center,0,engaged
sad,0.6,0.4,38,down,0.4,bore
neutral,1.2,0.3,57.6,center,1.1,bore
neutral,0.2,0,87,center,0.1,engaged
neutral,0.1,0.1,89.4,center,0,engaged
neutral,0,0,90.6,down,0,engaged
neutral,0.5,0.2,44,right,0.6,bore
happy,0,0.1,90.7,center,0,engaged
happy,0.1,0.1,88,up,0.2,engaged
sad,0.6,0.3,,right,1.1,bore
sad,0.4,0.4,72.2,center,1.5,bore
not_detected,0.4,0.2,65,right,0.4,bore
not_detected,1.2,0.3,81.3,center,0.6,bore
happy,0,0,87.6,center,0.2,engaged
tired,1.2,0.1,33.4,center,0.7,bore
happy,0,0,89.6,center,0.2,engaged
happy,0,0,95.4,center,0.1,engaged
sad,0.9,0.1,63.8,center,0.6,bore
neutral,0,0.1,93.1,up,0.2,engaged
neutral,0,0.1,87.7,center,0.1,engaged
neutral,0,0.1,95,down,0.2,engaged
not_detected,0.4,0.2,48,center,0.5,bore
happy,0,0,94.8,center,0.1,engaged
neutral,0.2,0.1,89,center,0.2,engaged
neutral,0.1,0.1,96.5,center,0.2,engaged
neutral,0.8,0.4,78.5,down,0.4,bore
sad,0.5,0.2,46,center,0.9,bore
happy,0,0,85.4,down,0.1,engaged
happy,0,0,94.3,down,0.1,engaged
happy,0,0,86.4,center,0.1,engaged
neutral,1.1,0.1,56.2,right,1,bore
not_detected,1,0.1,66.6,left,0.8,bore
neutral,0,0.1,88.7,down,0.1,engaged
neutral,0,0,88.3,up,0.2,engaged
neutral,0.2,0,92.7,center,0.1,engaged
happy,0.1,1.6,88.5,down,0.2,engaged
neutral,0.1,0.1,86,down,0.2,engaged
not_detected,1.2,0.3,61.2,center,0.4,bore
tired,0.5,0.2,38.8,down,1.2,bore
neutral,1.2,0.4,38.7,down,1.3,bore
happy,0.2,0.1,98.5,down,0.1,engaged
neutral,0,0.1,92.2,center,0.2,engaged
sad,0.7,0.4,33.9,down,0.8,bore
tired,0.7,0.3,71.4,center,1,bore
neutral,0,0,89.2,center,0.1,engaged
tired,0.3,0.2,69.2,center,0.5,bore
happy,0,0,96.3,center,0.2,engaged
happy,0.2,0.1,93.4,center,0.1,engaged
not_detected,1,0.2,40.2,center,1,bore
tired,1.2,0.3,31.7,left,0.5,bore
sad,1.1,0.1,81.7,down,1.5,bore
neutral,0.1,0.1,92.4,down,0.1,engaged
neutral,0,0.1,90.3,down,0.2,engaged
,0.9,0.2,73,left,1.2,bore
tired,0.5,0.3,38,center,1.3,bore
happy,0.2,0.1,95.8,down,0.2,engaged
not_detected,0.7,0.4,66.6,down,0.5,bore
sad,0.3,0.2,35.4,right,0.5,bore
neutral,0,0,88.2,center,0.2,engaged
neutral,0,0.1,86.7,down,0,engaged
happy,0.2,0,86.3,down,0.2,engaged
neutral,0.1,0.1,98.3,center,0.1,engaged
happy,0.1,0.1,,center,0,engaged
neutral,0,0.1,87.2,center,0.1,engaged
happy,0.1,0.1,95.6,down,0.1,engaged
happy,0.1,0,85.7,down,0,engaged
neutral,0.2,0,91.8,up,0.1,engaged
not_detected,0.8,0.2,31.3,center,0.5,bore
happy,0,0,87,down,0,engaged
sad,0.8,0.4,37,down,0.4,bore
tired,1.1,0.2,32,right,1.4,bore
happy,0.1,0.1,96.9,center,0.1,engaged
tired,0.4,0.2,77.4,up,1.4,bore
not_detected,0.8,0.1,81.5,center,1.4,bore
not_detected,0.7,0.3,34.6,down,1.1,bore
happy,0.1,0.1,94.5,down,0,engaged
not_detected,1,0.2,82.4,left,0.7,bore
neutral,0.1,0.1,99.3,center,0.1,engaged
happy,0,0,88.8,center,0.2,engaged
sad,1.2,0.2,56.5,center,0.7,bore
sad,0.3,0.2,75,left,1,bore
neutral,0.1,0,95.7,down,0.2,engaged
tired,0.6,0.4,31.4,down,1.1,bore
happy,0.1,0.1,93.1,center,0,engaged
neutral,0.2,0,94.5,center,0.1,engaged
neutral,0,0,99.4,down,0.1,engaged
neutral,0.3,0.2,65.6,up,1.5,bore
not_detected,1,0.3,36.2,right,1.3,bore
sad,0.6,0.3,55.6,center,1.4,bore
not_detected,0.7,0.4,77.1,right,1.1,bore
neutral,1,0.1,60.8,right,0.7,bore
tired,1.1,0.2,54.7,center,0.7,bore
happy,0,0,86.5,center,0,engaged
happy,0.1,0.1,87.9,down,0.2,engaged
tired,1.2,0.2,59,center,1.3,bore
tired,1.2,0.2,51,left,1.5,bore
neutral,1.1,0.2,48.6,center,0.7,bore
tired,1.1,0.2,52.7,down,1.5,bore
neutral,1,0.1,59,down,0.9,bore
happy,0.2,0,91.8,center,0,engaged
happy,0,0.1,94.8,center,0,engaged
neutral,0,0.1,97,down,0.2,engaged
sad,1.1,0.2,66.1,center,0.7,bore
tired,0.7,0.4,53.7,center,0.6,bore
neutral,,0.1,93.9,down,0.1,engaged
tired,0.6,0.4,45.7,left,0.9,bore
neutral,0.1,0,88.7,center,0,engaged
happy,0.2,0.1,95.3,center,0,engaged
tired,0.3,0.4,49.1,center,1.5,bore
happy,0,0.1,99.3,center,0.2,engaged
sad,0.7,0.4,74.7,center,0.9,bore
happy,0.2,0.1,93.5,center,0.2,engaged
happy,0,0.1,86.1,center,0,engaged
happy,0.2,0.1,96.1,center,0.2,engaged
neutral,0.6,0.1,67.7,center,1.2,bore
not_detected,1,0.2,43.2,right,1.4,bore
neutral,0.7,0.3,76.9,center,1.5,bore
neutral,,0.3,39.5,down,0.5,bore
neutral,1.2,0.2,54.1,down,1.5,bore
tired,0.5,0.2,34.6,down,0.5,bore
happy,0.2,0.1,100,center,0,engaged
neutral,0.5,0.2,78,up,0.5,bore
neutral,0.7,0.4,67.7,center,1.1,bore
neutral,0.1,0,98,center,0.2,engaged
neutral,0,0.1,176.9,up,0,engaged
neutral,0.1,0.1,94.8,down,0,engaged
not_detected,0.6,0.4,60.3,center,1.5,bore
neutral,0.1,0.1,89.8,center,0.2,engaged
happy,0,0,96.1,center,0,engaged
neutral,0.2,0.1,89.9,center,0.1,engaged
neutral,0.6,0.3,45.2,right,1.5,bore
neutral,1.2,0.2,62.4,right,0.6,bore
tired,0.4,0.3,60.5,right,0.5,bore
happy,3.5,0,96.2,center,0.1,engaged
tired,1.1,0.2,64.8,left,1.1,bore
neutral,0.5,0.3,74.3,center,1.5,bore
neutral,0.6,0.3,71.4,left,0.7,bore
neutral,0.1,0.1,93.5,down,0,engaged
happy,0.1,0,99.2,center,0,engaged
sad,1.1,0.4,41.8,left,1.2,bore
happy,0,0.1,98.5,up,0.1,engaged
neutral,0.1,0,97.5,down,0,engaged
not_detected,0.7,0.4,65,center,1.4,bore
happy,0.2,0,99.8,center,0.2,engaged
happy,0,0,89.9,center,0.1,engaged
neutral,0,0,92.2,center,0.1,engaged
sad,0.6,0.1,30.5,center,0.4,bore
happy,0,0,89.9,center,0,engaged
sad,0.5,0.4,71.9,right,1.1,bore
neutral,0,0,92.8,down,0.1,engaged
happy,0,0,99.9,center,0.2,engaged
neutral,0.1,0,90.5,center,0,engaged
sad,0.6,0.3,,right,1.1,bore
happy,0.2,0.1,86.3,center,0.1,engaged
happy,0,0.1,89,center,0.2,engaged
neutral,0.2,0.1,89,up,0.2,engaged
,0.2,0,85.2,center,0.2,engaged
neutral,0,0,92.2,center,0,engaged
tired,0.6,0.1,36.8,right,1.2,bore
not_detected,1.2,0.3,53.6,right,0.6,bore
tired,1.2,0.2,57.7,right,0.8,bore
neutral,0.2,0.1,93.5,center,0.1,engaged
neutral,0.1,0.1,99.7,center,0,engaged
sad,1.2,0.3,64,center,1.1,bore
neutral,0,0,90.5,center,0.2,engaged
tired,0.5,0.1,80.9,right,0.4,bore
happy,0,0,97.1,down,0,engaged
happy,0,0.1,99.5,center,0.1,engaged
tired,1,0.2,45.1,right,1.3,bore
happy,0.2,0.1,93.2,center,0.2,engaged
not_detected,0.9,0.2,57.9,center,0.7,bore
neutral,0.1,0.1,90.2,center,0.2,engaged
neutral,0.1,0.1,88.3,up,0,engaged
tired,0.3,0.4,75.7,center,1.3,bore
happy,0.2,0,90.3,center,0,engaged
neutral,1.1,0.1,62.6,center,1.1,bore
sad,0.8,0.3,31.8,down,1,bore
happy,0,0,88.3,center,0.2,engaged
neutral,0,0.1,85.1,center,0.1,engaged
happy,0.2,0,93.1,center,0.1,engaged
tired,0.8,0.2,74.8,left,0.4,bore
neutral,0.1,0.1,95.7,center,0.1,engaged
happy,0,0,85.4,center,0.2,engaged
neutral,0.2,0.1,96.5,down,0,engaged
neutral,0.1,0.1,95.7,center,0.1,engaged
neutral,0.1,0,95.6,down,0,engaged
happy,0,0,96.5,center,0.2,engaged
neutral,0.1,0,85.8,center,0.2,engaged
sad,0.8,0.3,66.5,right,1,bore
sad,0.7,0.4,55.9,center,0.7,bore
neutral,0.8,0.3,30.1,down,0.6,bore
tired,0.9,0.1,38.9,right,0.8,bore
happy,0.1,0,98,center,0,engaged
neutral,0.1,0,92,center,0.2,engaged
neutral,0,0,89.6,down,0,engaged
happy,0.2,0,91.2,center,0.1,engaged
happy,0.1,0.1,97.1,,0.1,engaged
not_detected,0.8,0.2,63.3,left,1.3,bore
happy,0,0,95.4,center,0.2,engaged
not_detected,1.1,0.4,33,up,0.8,bore
neutral,0.9,0.3,152.8,left,0.4,bore
neutral,0.4,0.1,55.5,left,0.6,bore
neutral,0.1,0,95,center,0,engaged
neutral,0.1,0,86.5,center,0.2,engaged
sad,0.9,0.1,36.4,down,0.5,bore
happy,0.1,0,98.5,center,0,engaged
happy,0.2,0,92.1,center,0.2,engaged
happy,0.1,0,89.3,up,0.2,engaged
happy,0.1,0.1,92.8,center,0,engaged
neutral,0,0.1,86.4,up,0.2,engaged
neutral,0.4,0.4,76,down,1,bore
not_detected,1.2,0.1,74,down,1,bore
happy,0.2,0,99,center,0.2,engaged
neutral,0.1,0.1,85.8,center,0.1,engaged
happy,0.2,0.1,88.2,center,0.1,engaged
sad,1,0.4,74.3,right,0.8,bore
neutral,0.1,0,88.1,center,0,engaged
neutral,0.2,0.1,90.9,center,0.1,engaged
not_detected,0.5,0.3,63,left,0.4,bore
neutral,0.2,0,95.8,up,0.2,engaged
neutral,0.7,0.2,53.4,center,0.8,bore
neutral,0.2,0.1,98.8,center,0,engaged
neutral,0.1,0,99.3,center,0,engaged
neutral,0.5,0.1,52,right,0.8,bore
sad,0.6,0.2,38.4,down,0.6,bore
neutral,0.7,0.1,55.4,center,0.6,bore
not_detected,0.7,0.1,34.1,center,0.6,bore
not_detected,0.4,0.3,51.4,left,0.8,bore
neutral,0.7,0.2,50.5,right,0.8,bore
happy,0,0,85.3,down,0,engaged
neutral,0.2,0,92.2,center,0.1,engaged
neutral,0.1,0,99,center,0.1,engaged
sad,0.4,0.1,46.6,center,1.1,bore
tired,1.1,0.4,65.4,center,0.4,bore
neutral,0,0.1,95.7,up,0.2,engaged
neutral,0.1,0,85.1,center,0.1,engaged
sad,1.1,0.3,71.7,left,1.4,bore
not_detected,0.9,0.2,80.6,left,1.3,bore
neutral,0.4,0.4,40.1,down,1.5,bore
not_detected,1.1,0.4,61.2,down,0.4,bore
neutral,1.2,0.1,40.8,center,0.7,bore
happy,0.1,0.1,93.8,down,0.1,engaged
not_detected,0.9,0.4,32.6,down,1.2,bore
neutral,0.3,0.3,44.4,down,0.5,bore
sad,0.8,0.3,38.6,center,1.4,bore
happy,0.1,0,98.4,center,0,engaged
happy,0.1,0,98.2,center,0,engaged
happy,0,0.1,88.6,center,0.2,engaged
neutral,0,0,95.5,center,0,engaged
sad,0.4,0.3,31.3,left,0.9,bore
neutral,0.1,0,89.6,center,0.1,engaged
happy,0.2,0.1,86.5,down,0.1,engaged
neutral,0.1,0,96.5,center,0.2,engaged
not_detected,0.3,0.2,60.1,center,1.1,bore
neutral,0.4,0.1,63.1,left,1.4,bore
happy,0.1,0,90.3,center,0.1,engaged
neutral,0.1,0,90.8,up,,engaged
neutral,0,0,88.1,center,0.1,engaged
neutral,0.1,0.1,97.4,down,0.2,engaged
neutral,0.2,0.1,89.8,up,0.1,engaged
neutral,0.2,0.1,98.4,center,0,engaged
tired,0.4,0.1,54.2,down,0.4,bore
happy,0.1,0.1,91,center,0,engaged
happy,0.1,0,99.9,center,0,engaged
neutral,0.3,0.2,,center,1.5,bore
tired,0.8,0.2,54.3,center,0.4,bore
tired,1.1,0.1,39.2,center,1.1,bore
neutral,1.2,0.3,80.5,center,0.9,bore
tired,1,0.4,47.8,center,0.5,bore
happy,0,0,88.1,center,0,engaged
neutral,0.7,0.4,81,down,0.4,bore
happy,0.1,0,91.9,center,0,engaged
happy,0.1,0,94.9,center,0,engaged
tired,0.5,0.1,51.1,down,1.2,bore
neutral,0,0,98.8,center,0.1,engaged
neutral,0.1,0,98,center,0,engaged
neutral,0.2,0.1,87.2,center,0.1,engaged
happy,0.1,0.1,96.5,center,0.2,engaged
neutral,0.5,0.2,56.9,center,0.8,bore
tired,0.3,0.2,61.2,center,0.8,bore
neutral,0.1,0.1,85.6,down,0.2,engaged
sad,1.1,0.1,54,left,1.5,bore
sad,1,0.1,35.8,center,0.8,bore
tired,0.5,0.4,73.1,center,0.8,bore
neutral,0.9,0.1,62.4,right,1,bore
neutral,0.1,0,95.5,center,0.1,engaged
neutral,0.4,0.1,73.2,right,1.2,bore
neutral,0,0.1,88.1,center,0,engaged
happy,0.2,0,98.4,up,0.2,engaged
sad,0.7,0.2,60.1,center,1.5,bore
happy,0.2,0,99.4,down,0,engaged
not_detected,0.8,0.3,61.4,right,0.6,bore
sad,0.7,0.2,65.2,right,0.6,bore
tired,1.2,0.2,57.7,right,0.8,bore
happy,0,0.1,91.3,center,0.1,engaged
neutral,0.1,0.1,99,center,0.1,engaged
happy,0.2,0.1,85.2,down,0.2,engaged
not_detected,0.5,0.4,73.1,down,1.3,bore
sad,0.5,0.2,44.7,center,0.8,bore
happy,0,0,87.1,up,0.2,engaged
not_detected,0.9,0.4,42.2,center,0.8,bore
sad,1,0.1,72,left,0.6,bore
neutral,0.9,0.1,47.7,center,1,bore
not_detected,0.6,0.4,68.4,right,0.5,bore
tired,1.2,0.2,33.5,up,0.4,bore
neutral,1.2,0.2,58.6,left,1.5,bore
happy,0.2,0.1,92.5,center,0.2,engaged
happy,0,0,99.6,down,0,engaged
happy,0.2,0.1,97.7,center,0.1,engaged
neutral,0.1,0.1,96.5,center,0,engaged
neutral,0.2,0.1,97.8,center,0.1,engaged
tired,0.6,0.1,40.1,down,1.3,bore
neutral,0.1,0.1,95.3,center,0.2,engaged
happy,0.1,0,95.8,center,0,engaged
neutral,1,0.3,48.7,down,0.4,bore
tired,0.3,0.1,57.7,down,0.8,bore
not_detected,1.2,0.2,36.9,right,0.7,bore
neutral,0.2,0.1,94.5,center,0.1,engaged
happy,0.1,0,98.5,up,0,engaged
happy,0.2,0,96.6,center,0.2,engaged
happy,0.2,0.1,85.1,center,0,engaged
sad,1,0.1,71.8,center,0.9,bore
tired,1.2,0.3,72.4,left,1,bore
neutral,0.2,0.1,92.9,center,0.1,engaged
neutral,0.1,0,99.4,center,0.1,engaged
happy,0,0,92.2,up,0,engaged
happy,0,0.1,87.2,center,0,engaged
neutral,0.1,0,91.8,,0.1,engaged
happy,0,0.1,92,down,0.1,engaged
neutral,0.1,,97.3,up,0.2,engaged
neutral,0.1,0.1,99.3,center,0,engaged
neutral,0.1,0.1,89.3,center,0.2,engaged
happy,0.1,0,90.1,center,0.1,engaged
happy,,0,91.2,down,0,engaged
happy,0.1,0.1,90.8,center,0.2,engaged
neutral,0.2,0,92.6,center,0,engaged
sad,1.1,0.3,70.1,right,1.3,bore
happy,0.1,0,92.5,center,0,engaged
happy,0.2,0,93.9,center,0.2,engaged
neutral,0,0,94.1,center,0,engaged
neutral,0,0.1,93.5,center,0.2,engaged
neutral,0.2,0.1,92.8,center,0.2,engaged
sad,0.8,0.1,47.7,left,1.2,bore
not_detected,0.6,0.3,50.6,down,1.3,bore
neutral,0.2,0,99.7,center,0,engaged
neutral,0,0,91,center,0,engaged
neutral,0.1,0.1,85.2,center,0.2,engaged
happy,4.3,0.1,96,down,0,engaged
happy,0.2,0.1,95.6,center,0,engaged
neutral,0.2,0,98.1,center,0,engaged
neutral,0.7,0.2,53.1,down,1.4,bore
neutral,0.3,0.4,35,down,0.9,bore
tired,0.6,0.4,79.9,center,1.2,bore
tired,0.4,0.1,54.2,down,0.4,bore
happy,0.2,0.1,96.9,center,0.1,engaged
neutral,0.2,0,95.1,up,0.2,engaged
neutral,0.1,0,93,center,0.1,engaged
sad,0.9,0.3,69.1,up,0.7,bore
happy,0.1,0.1,89.9,center,0.1,engaged
tired,1,0.1,76.5,down,1.3,bore
neutral,0,0.1,85.8,center,0,engaged
not_detected,1.1,0.3,,center,1.5,bore
neutral,0.1,0.1,97.9,center,0.1,engaged
tired,0.9,0.3,50.8,center,1.1,bore
neutral,0.2,0,97.7,center,0.2,engaged
happy,0.2,0,89,center,0.1,engaged
tired,0.8,0.4,79.6,left,1,bore
happy,0,0.1,88.1,up,0,engaged
happy,0.2,0.1,90.3,down,0,engaged
not_detected,1.2,0.4,73.5,down,0.4,bore
sad,0.3,0.3,43.6,left,1.1,bore
neutral,0.6,0.3,62.7,down,1.5,bore
not_detected,1.2,0.2,33.1,right,0.7,bore
neutral,0,0,93.9,center,0,engaged
tired,0.9,0.2,71.4,right,1.1,bore
happy,0.1,0,99.6,center,0.1,engaged
not_detected,0.5,0.4,68.3,center,0.8,bore
neutral,0.2,0.1,95.2,down,0.1,engaged
happy,0.2,0.1,97.9,down,0.2,engaged
happy,0,0.1,98.7,down,0.2,engaged
neutral,0,0,89.1,center,0,engaged
neutral,0.2,0,93.1,center,0.1,engaged
happy,0.2,0,89,center,0.1,engaged
happy,0,0.1,99.2,center,0.2,engaged
not_detected,1.1,0.4,55.2,center,1.1,bore
happy,0,0,87.7,down,0.2,engaged
sad,0.8,0.1,53.7,left,0.6,bore
sad,1.2,0.3,64.3,center,0.9,bore
neutral,,0,86.1,center,0.2,engaged
neutral,0.2,0,90.7,center,0,engaged
neutral,0.3,0.1,52.5,left,1.4,bore
tired,0.5,0.3,80.8,left,1.4,bore
,0,0.1,89.1,center,0,engaged
neutral,0,0.1,97.3,center,0,engaged
happy,0,0,94.8,down,0.1,engaged
not_detected,0.4,0.4,83.5,center,0.9,bore
neutral,0.1,0,97.6,center,0.2,engaged
happy,0.1,0.1,94,center,0,engaged
neutral,0.9,0.3,50.6,down,0.4,bore
happy,0.2,0.1,99.3,center,0.1,engaged
happy,0.1,0.1,97.4,center,0.2,engaged
happy,0.2,0.1,93.8,center,0.2,engaged
not_detected,0.8,0.1,40.7,down,0.4,bore
neutral,0,0.1,93.2,center,0,engaged
happy,0.1,0,89.3,center,0.1,engaged
neutral,0,0.1,149.6,center,0.2,engaged
happy,0.1,0.1,87.8,center,0,engaged
neutral,0.2,0,88.6,center,0,engaged
neutral,1.2,0.2,61.2,left,1.5,bore
happy,0,0.1,,down,0.1,engaged
neutral,0,0,89.9,center,0,engaged
neutral,1.2,0.4,69.8,left,1.4,bore
neutral,1,0.3,67.7,down,0.7,bore
neutral,0,0.1,85.1,center,0,engaged
,0.3,0.4,82.9,left,1.5,bore
sad,1,0.4,68.9,right,1.1,bore
happy,0,0,96.4,center,0.2,engaged
neutral,0.1,0,96.1,center,0.2,engaged
not_detected,0.7,0.3,45.6,up,1.3,bore
neutral,0.2,0.1,97.6,center,0,engaged
tired,1,0.2,37.1,right,1.4,bore
neutral,0.1,0.1,86.6,center,0.2,engaged
happy,0.2,0,89.4,center,0.1,engaged
not_detected,0.8,0.1,60.8,down,0.8,bore
sad,1,0.1,71.8,center,0.9,bore
happy,0,0.1,98.1,center,0,engaged
neutral,0.2,0.1,86,center,0,engaged
happy,0,0.1,86.4,center,0.1,engaged
not_detected,0.6,0.3,56.8,down,0.9,bore
neutral,0.1,0.1,86.4,down,0.2,engaged
tired,0.7,0.1,72.6,up,1.1,bore
not_detected,0.7,0.1,47.6,center,1.1,bore
neutral,0,0,95.5,center,0,engaged
happy,0,0,88.6,center,0.2,engaged
tired,0.8,0.3,82.6,center,1.1,bore
neutral,1,0.2,56.9,down,1.5,bore
neutral,0.2,0.1,96.1,center,0,engaged
happy,0.2,0,96.7,center,0.2,engaged
tired,0.7,0.2,57.8,right,1.1,bore
neutral,1.1,0.1,75.3,center,0.4,bore
happy,0.2,0.1,99.5,center,0.2,engaged
happy,0.1,0,96.7,center,0.1,engaged
neutral,0,0.1,87.4,center,,engaged
neutral,0.1,0,90,center,0.1,engaged
sad,1.1,0.2,35.3,left,1.5,bore
neutral,0.1,0,86.5,center,0.1,engaged
neutral,0.1,0,88.3,center,0.2,engaged
neutral,0.1,0.1,86.7,down,0.2,engaged
happy,0.1,0,91,center,0.2,engaged
tired,1.1,0.4,43.8,left,0.5,bore
tired,0.5,0.3,41.9,down,0.6,bore
happy,0,0,89.2,center,0.1,engaged
tired,0.4,0.4,61.1,left,0.4,bore
neutral,0.2,0.1,93.5,center,0.2,engaged
neutral,0.8,0.1,56.9,right,0.5,bore
neutral,1.1,0.3,47,down,0.4,bore
happy,0.2,0.1,91.8,center,0.1,engaged
happy,0.2,0.1,95.2,down,0.2,engaged
neutral,0.1,0.1,91.4,center,0,engaged
happy,0,0.1,95.6,center,0.2,engaged
happy,0.1,0.1,86.1,center,0.1,engaged
sad,1.1,0.2,70.6,center,0.5,bore
neutral,0.2,0.1,,center,0.2,engaged
neutral,0.2,0,87.8,center,0.1,engaged
neutral,0,0,94.2,center,0,engaged
sad,1.2,0.3,67,center,1.1,bore
not_detected,1,0.4,79.9,down,0.4,bore
neutral,1.2,0.3,60.6,up,0.7,bore
tired,1.2,0.1,79.9,left,1.3,bore
tired,0.9,0.1,54.5,up,0.4,bore
happy,0.1,0,97.9,up,0,engaged
happy,0.2,0,90.7,center,0.1,engaged
happy,0.2,0,86,center,0.2,engaged
neutral,0.2,0.1,91.4,down,0,engaged
neutral,0,0.1,94.1,down,0,engaged
happy,0.2,0.1,89.6,center,0,engaged
neutral,0.1,0.1,92.5,center,0.2,engaged
neutral,0.1,0,87.5,center,0.1,engaged
neutral,0,0.1,93.7,center,0,engaged
sad,0.3,0.1,37.1,right,1,bore
happy,0.2,0.1,98.3,center,0,engaged
not_detected,0.3,0.1,33.7,right,1.3,bore
happy,0,0.1,89.3,center,0,engaged
neutral,0.2,0.1,98.9,down,0.2,engaged
neutral,0.2,0.1,95,center,0.1,engaged
tired,0.5,0.4,30.8,right,1.4,bore
tired,0.7,0.4,84,center,1.5,bore
tired,0.4,0.3,75.3,right,0.5,bore
sad,1,0.2,66.6,left,0.9,bore
neutral,1.2,0.2,40.9,down,0.4,bore
happy,0,,93.4,center,0.2,engaged
not_detected,1.2,0.4,57.3,down,1.3,bore
sad,1.1,0.3,37.3,center,1.4,bore
sad,1.2,0.2,35.9,left,1.3,bore
neutral,0.3,0.4,70.2,center,0.4,bore
neutral,0.5,0.3,54.1,left,1.4,bore
sad,0.4,0.2,69.4,right,0.4,bore
neutral,0.1,0.1,93,center,0,engaged
tired,1.2,0.4,33.7,center,0.5,bore
happy,0.2,0,96.3,up,0.2,engaged
happy,0.1,0.1,90.5,up,0.1,engaged
neutral,0.1,0,92.9,center,0.2,engaged
neutral,0.1,0.1,86.8,center,0.1,engaged
neutral,0.4,0.4,52.6,down,0.9,bore
happy,0,0.1,94.3,down,0.1,engaged
neutral,0.2,0,93.9,center,0,engaged
neutral,0.2,0.1,90.5,center,0.2,engaged
neutral,0.1,0.1,89.2,center,0,engaged
tired,0.5,0.1,75,left,1,bore
neutral,0.7,0.4,40,right,0.9,bore
sad,0.3,0.3,40.3,right,0.9,bore
not_detected,1.2,0.4,60,left,0.5,bore
happy,0.1,0.1,93.5,center,0,engaged
not_detected,0.3,0.4,30.7,down,1.2,bore
happy,0.1,0,95,center,0.1,engaged
neutral,0.2,0,91.1,down,0.1,engaged
neutral,0,0,87.5,down,0.1,engaged
happy,0.1,0,100,center,0.2,engaged
happy,0.2,0.1,91.4,center,0.2,engaged
neutral,0,0,93.5,center,,engaged
not_detected,0.3,0.4,62.8,left,0.9,bore
neutral,0.2,0,87.4,center,0.2,engaged
sad,1,0.4,68.4,down,1.1,bore
sad,0.9,0.3,63,left,1.2,bore
neutral,0,0.1,92.9,center,0.2,engaged
neutral,1.1,0.2,35.2,center,0.8,bore
happy,0.1,0.1,96.9,up,0.2,engaged
happy,0,0.1,97.9,center,0.1,engaged
neutral,0.5,0.2,41.2,down,1.3,bore
not_detected,0.5,0.4,31.7,right,1.3,bore
sad,0.5,0.2,82.3,left,0.9,bore
happy,0.1,0,85.3,down,0.2,engaged
neutral,1,0.2,81.7,center,1.1,bore
neutral,0.2,0,95.1,up,0.2,engaged
happy,0.2,0.1,92.4,center,0,engaged
sad,0.9,0.1,74.5,down,0.4,bore
neutral,0,0,90.8,down,0.2,engaged
neutral,0.2,0,89.9,center,0,engaged
happy,0.2,0.1,93.7,down,0,engaged
sad,1.2,0.3,61.1,down,1,bore
not_detected,1.2,0.4,78,left,0.9,bore
happy,0.1,0.1,87.7,center,0,engaged
happy,0.1,0,94.6,down,0,engaged
happy,0,0.1,99.3,down,0.2,engaged
happy,0.2,0,91.4,center,0,engaged
tired,0.3,0.4,59.4,left,0.7,bore
happy,0,0,95.8,center,0.2,engaged
happy,0.1,0,88.5,center,0.1,engaged
neutral,1,0.1,35.8,left,1.5,bore
not_detected,0.9,0.3,44,up,0.6,bore
happy,0,0,94,center,0.2,engaged
not_detected,0.4,0.1,69.9,up,1.4,bore
not_detected,0.8,0.3,38,up,0.8,bore
neutral,0.2,0,89.1,center,0.1,engaged
neutral,0.2,0,93.1,center,0,engaged
neutral,0.9,0.4,82,down,0.4,bore
neutral,0.6,0.2,68,left,1.5,bore
tired,0.6,0.3,66.4,up,1,bore
neutral,0.1,0,92.1,down,0.2,engaged
happy,0,0,91.9,down,0,engaged
neutral,0,0,99.1,center,0,engaged
neutral,0,0.1,99.8,center,0.2,engaged
not_detected,0.4,0.1,73.3,center,0.9,bore
neutral,0.5,0.1,63.6,right,0.6,bore
neutral,0.2,0.1,96.1,center,0.2,engaged
neutral,0.2,0.1,93.8,up,0,engaged
neutral,0.8,0.1,34.5,left,1.5,bore
neutral,0.2,0,88.5,center,0.2,engaged
neutral,0.1,0.1,88.1,center,0,engaged
neutral,0,0.1,87.4,center,,engaged
sad,0.8,0.1,42.6,left,1.5,bore
neutral,0.2,0,85.7,center,0.1,engaged
happy,0.2,0,90.9,center,0.1,engaged
neutral,0.6,0.4,48.3,right,0.7,bore
not_detected,0.7,0.1,78.6,down,0.7,bore
sad,0.9,0.1,30.1,center,1.4,bore
neutral,0.8,0.1,68.8,center,1.3,bore
sad,0.8,0.3,45.3,center,1,bore
tired,0.9,0.1,30.6,center,1,bore
neutral,0.2,0.1,90.3,center,0,engaged
happy,0,0.1,89.5,center,0,engaged
happy,0.2,0,88.9,center,0.1,engaged
neutral,0.2,0,90.9,down,0.1,engaged
neutral,0.1,0,95.7,center,0,engaged
not_detected,1.1,0.3,43.6,down,0.8,bore
neutral,0.1,0.1,96.1,center,0,engaged
sad,0.8,0.4,70.9,down,0.7,bore
happy,0,0,88.4,center,0.1,engaged
neutral,0.1,0,89.1,center,,engaged
sad,1,0.1,79.6,,1.5,bore
tired,0.5,0.1,72.3,center,0.6,bore
neutral,0.5,0.2,37.2,right,0.9,bore
neutral,0.8,0.2,45.2,center,1.4,bore
not_detected,0.6,0.2,50.5,right,0.5,bore
neutral,1.1,0.1,70.3,down,0.6,bore
happy,0,0.1,85.7,center,0,engaged
happy,0.2,0,94.4,center,0,engaged
neutral,0.1,0,89.9,down,0.1,engaged
neutral,0.2,0.1,86.3,down,0.2,engaged
neutral,0.1,0.1,92.3,center,0.1,engaged
happy,0.1,0,94.8,center,0.1,engaged
neutral,0.7,0.2,66.2,left,1.2,bore
neutral,0.2,0,85.8,center,0,engaged
happy,0,0,96.2,up,0,engaged
neutral,0.5,0.1,51.8,left,0.9,bore
happy,0,0,95.7,center,0.1,engaged
sad,0.4,0.2,,right,1.4,bore
happy,0,0.1,85.6,center,0.1,engaged
happy,0.1,0.1,94.8,center,0,engaged
neutral,0.2,0.1,98.2,center,0,engaged
happy,0,0,92.1,center,0.1,engaged
neutral,0,0,95.2,center,0,engaged
neutral,0.2,0.1,94.7,down,0,engaged
neutral,1,0.2,65.7,right,1.3,bore
happy,0.2,0,89,center,0.2,engaged
tired,0.9,0.3,35.2,right,0.8,bore
sad,1.2,0.1,79.6,left,0.7,bore
happy,0,0,99.2,center,0.1,engaged
neutral,0.1,0,97.1,center,0,engaged
sad,1,0.3,78.3,down,1,bore
tired,0.5,0.1,72.8,up,1.5,bore
neutral,0.5,0.2,40.5,center,0.4,bore
not_detected,0.5,0.3,44.9,center,1.3,bore
not_detected,1.1,0.3,55.9,center,1.4,bore
happy,0.2,0,93.5,center,0,engaged
happy,0,0,85.5,center,0.2,engaged
sad,0.3,0.2,73.9,left,0.5,bore
happy,0.2,0,99.6,center,0.1,engaged
tired,0.8,0.4,33.4,right,0.7,bore
neutral,0.2,0,97.1,down,0.1,engaged
neutral,0.9,0.3,34.9,center,0.6,bore
happy,0.1,0.1,96.6,center,0.2,engaged
happy,0.2,0,87.5,down,0,engaged
happy,0,0.1,95.8,center,0.2,engaged
happy,0.1,0.1,90.7,center,0,engaged
happy,0.1,0.1,99.2,center,0.2,engaged
neutral,1.2,0.2,79.1,left,0.7,bore
not_detected,0.5,0.1,64.7,left,1.1,bore
happy,0.1,0.1,97.1,center,0.2,engaged
happy,0.2,0.1,88.8,center,0,engaged
not_detected,0.9,0.4,44.9,down,0.7,bore
neutral,1,0.4,46,center,0.8,bore
sad,0.8,0.1,42.8,left,1.5,bore
happy,0.2,0.1,89.5,up,0.2,engaged
sad,0.3,0.2,76.1,left,1.1,bore
neutral,0.8,0.2,36.2,right,0.5,bore
neutral,0.4,0.4,38.5,down,1.2,bore
sad,0.5,0.3,38.3,down,0.9,bore
neutral,0,0.1,86.7,center,0.1,engaged
tired,0.4,0.3,34.8,down,1.5,bore
happy,0.2,0.1,95.5,down,0.2,engaged
happy,0.1,0.1,94.4,center,0,engaged
happy,0.2,0.1,91,center,0.1,engaged
not_detected,1.2,0.1,83.4,left,0.7,bore
neutral,0.2,0.1,96.7,center,0.2,engaged
happy,0.1,0,95.7,up,0.1,engaged
neutral,0,0,95.4,center,0,engaged
not_detected,0.4,0.2,64.8,center,0.9,bore
happy,0,0.1,90.1,center,0.1,engaged
neutral,0.1,0.1,91.1,center,0.1,engaged
not_detected,0.8,0.3,47.1,right,1.4,bore
tired,0.9,0.2,79.2,center,0.9,bore
happy,0,0.1,86.9,center,0.1,engaged
happy,0.1,0.1,88.8,center,0,engaged
happy,0,0,96.2,center,0.2,engaged
happy,0.1,0,,center,0.2,engaged
not_detected,0.3,0.4,,right,1.2,bore
sad,1.1,0.3,71.7,center,0.7,bore
neutral,0.2,0,85.1,center,0.1,engaged
happy,0.2,0,92.5,center,0.1,engaged
tired,1,0.3,74.7,right,0.9,bore
neutral,0,,98.3,center,0.1,engaged
neutral,0.2,0,96.1,center,0,engaged
neutral,0.5,0.4,84.6,left,1,bore
not_detected,,0.1,83.5,right,0.5,bore
neutral,0.1,0.1,86.2,down,0.2,engaged
neutral,0.3,0.3,63.7,center,0.5,bore
happy,0.1,0.1,86.2,center,0,engaged
neutral,0,0,89.3,up,0,engaged
happy,0.1,0,95.6,down,0,engaged
sad,1.2,0.4,42.9,right,1.4,bore
neutral,0.2,0.1,97.8,center,0.1,engaged
neutral,0.2,0.1,99.6,center,0.1,engaged
happy,0,0,86.6,center,0.2,engaged
happy,0.2,0,85.8,center,0.1,engaged
neutral,0.2,0.1,98.6,center,0,engaged
happy,0.2,0,99.9,center,0.2,engaged
happy,0.1,0.1,94.5,center,0,engaged
neutral,0.2,0.1,93.8,center,0.1,engaged
neutral,0.1,0.1,98.5,center,0.2,engaged
happy,0.1,0,95,center,0.1,engaged
neutral,0.1,0,96.8,center,,engaged
neutral,0.1,0.1,89.4,center,0.1,engaged
tired,0.3,0.2,39,down,0.6,bore
happy,0.2,0,91.4,center,0,engaged
neutral,0.1,0.1,96.8,center,0.2,engaged
happy,0.1,,85.5,center,0,engaged
happy,0.1,0.1,98.6,center,0,engaged
happy,0.1,0,95,center,0.2,engaged
neutral,0,0.1,97.6,center,0,engaged
not_detected,0.5,0.4,73.1,down,1.3,bore
neutral,0.3,0.3,58.3,center,1.4,bore
neutral,0.1,0,93.1,down,0,engaged
neutral,0,0,89.9,center,0.1,engaged
sad,1.2,0.1,79.8,down,0.5,bore
neutral,0.1,0,92.7,center,0.2,engaged
tired,0.3,0.1,61.4,left,0.8,bore
neutral,0,0.1,92.7,down,0.1,engaged
neutral,1.1,0.4,64.4,down,1.1,bore
happy,0,0.1,86.3,down,0,engaged
not_detected,1,0.4,48,down,0.9,bore
neutral,0.9,0.4,82,down,0.4,bore
happy,0,0,87,center,0,engaged
not_detected,0.8,0.3,37.8,center,1.2,bore
not_detected,1,0.1,66.6,left,0.8,bore
happy,0.1,0,99.2,down,0.2,engaged
neutral,0,0.1,86.5,center,0.1,engaged
neutral,0,0.1,93.8,center,0.1,engaged
neutral,0.4,0.2,33.2,left,1.2,bore
happy,0.1,0.1,87.5,center,0.1,engaged
neutral,0.2,0.1,90.1,center,0,engaged
neutral,0,0,99.8,center,0.2,engaged
happy,0.2,0.1,89.5,center,0,engaged
not_detected,0.9,0.1,39,right,1.1,bore
tired,0.8,0.4,50.7,center,0.5,bore
happy,0.1,0,90.6,center,0,engaged
happy,0.1,0,85.5,center,0.2,engaged
neutral,0.2,0.1,92.4,center,0,engaged
happy,0.2,0,86.9,center,0,engaged
neutral,0.5,0.4,80.3,center,0.7,bore
neutral,0.8,0.2,36.2,right,0.5,bore
neutral,0.1,0.1,90,up,0.2,engaged
neutral,0.2,0,86.3,center,0.1,engaged
neutral,1.2,0.3,81.3,right,1,bore
not_detected,1.2,0.1,73.3,right,0.5,bore
happy,0.1,0.1,86.5,down,0.2,engaged
tired,0.9,0.4,48.3,center,1,bore
tired,0.9,0.4,47.3,left,0.7,bore
happy,0.2,0,93.8,up,0.2,engaged
happy,0,0,96.1,center,0.1,engaged
neutral,0,0,92.5,center,0,engaged
happy,0.1,0,85.5,center,0.2,engaged
happy,0.2,0.1,86.6,center,0,engaged
,0.3,0.1,75.5,down,0.7,bore
neutral,0,0.1,91.3,center,0,engaged
happy,0,0,89.1,center,0.1,engaged
happy,0.1,0.1,91.7,down,0.1,engaged
neutral,0.5,0.1,31.2,left,,bore
neutral,0.2,0,95.7,center,0,engaged
tired,1.1,0.4,49.2,down,0.8,bore
neutral,0.1,0,89.4,up,0.2,engaged
neutral,0.1,0.1,85.2,down,0.1,engaged
happy,0,0,90.1,down,0,engaged
neutral,0.1,0.1,92,center,0.2,engaged
happy,0.2,0,85.4,center,0.2,engaged
not_detected,1.2,0.2,84.8,center,1,bore
neutral,0,0.1,99.8,down,0.2,engaged
neutral,0.2,0.1,93.4,center,0.1,engaged
happy,0.1,0.1,92.6,center,0.1,engaged
tired,0.5,0.1,80.7,left,1.2,bore
sad,0.7,0.4,60.5,center,1.5,bore
sad,0.3,0.1,74,center,0.5,bore
happy,0,0,91.6,up,0.2,engaged
neutral,0,0.1,97.4,center,0.1,engaged
not_detected,0.7,0.4,61.2,down,0.8,bore
sad,0.5,0.3,50.2,down,0.9,bore
neutral,0.3,0.2,76.4,center,1.4,bore
sad,0.5,0.3,30.4,left,1.4,bore
neutral,0,0.1,85.1,up,0.2,engaged
happy,0.1,0,85,up,0.1,engaged
neutral,0,0,90.1,center,0.2,engaged
happy,0,0,96.1,down,0.1,engaged
tired,0.5,0.2,83.9,down,1.5,bore
not_detected,0.7,0.4,48,right,1,bore
happy,0.1,0.1,85.5,,0.2,engaged
happy,0.2,0,98,down,0.1,engaged
not_detected,0.4,0.2,34,left,1.3,bore
neutral,0.1,0.1,88.2,center,0.1,engaged
neutral,1.2,0.1,68.6,right,1.5,bore
not_detected,0.7,0.1,64.4,right,0.4,bore
neutral,0,0.1,94.2,center,0,engaged
neutral,0.4,0.4,51.2,right,0.9,bore
happy,0.2,0,99.6,center,0.1,engaged
tired,1.2,0.2,78.6,down,0.7,bore
neutral,0.1,0.1,89,center,0.2,engaged
happy,0,0,95.6,down,0.1,engaged
sad,1.2,0.2,66.6,left,0.7,bore
not_detected,0.7,0.4,75.9,down,0.6,bore
not_detected,0.6,0.1,34.3,down,0.4,bore
not_detected,0.6,0.2,48,up,0.8,bore
neutral,5.6,0.1,89.7,center,0.2,engaged
happy,0.1,0,87.8,center,0,engaged
not_detected,0.9,0.1,32.6,center,0.7,bore
not_detected,1,0.1,31.5,down,1.3,bore
neutral,0.1,0.1,99.7,center,0.2,engaged
happy,0,0,92.8,center,0.1,engaged
not_detected,0.8,0.3,62.5,,1.1,bore
happy,0,0.1,98,center,0.2,engaged
neutral,0,0,85.8,center,0,engaged
neutral,0,0.1,91.2,center,0,engaged
happy,0,0.1,89.5,up,0.2,engaged
tired,0.9,0.3,66,left,0.8,bore
neutral,0.2,0,85.5,center,0.2,engaged
sad,0.4,0.2,40.3,center,1.2,bore
happy,0,0,98.8,center,0,engaged
sad,0.9,0.2,36.2,down,1.5,bore
neutral,1,0.3,66.8,left,0.4,bore
happy,0,0,97.7,center,0.1,engaged
neutral,0.7,0.1,43.8,down,1.1,bore
happy,,0.1,98.7,up,0,engaged
happy,0.1,0.1,97.6,down,0,engaged
neutral,0,0,96.3,center,0,engaged
neutral,0,,91.1,center,0.2,engaged
neutral,0.1,0.1,89.1,up,0,engaged
neutral,0,0,90.5,down,0,engaged
neutral,1.2,0.2,69.6,center,0.7,bore
sad,1.1,0.3,74.8,right,0.6,bore
neutral,,0.3,36.4,center,0.8,bore
happy,0,0.1,89.1,down,0.1,engaged
sad,0.7,0.2,54.5,left,0.5,bore
sad,0.3,0.1,57.2,center,1.4,bore
not_detected,1.2,0.3,69.7,left,0.4,bore
tired,0.7,0.2,74.6,down,1.2,bore
tired,0.9,0.1,60.6,left,0.8,bore
tired,1.1,0.4,45.1,right,0.5,bore
sad,0.6,0.4,73.4,center,1.4,bore
neutral,0,0,86.9,center,0.2,engaged
tired,0.9,0.1,48.2,down,0.7,bore
neutral,0.2,0.1,96.5,down,,engaged
tired,0.8,0.2,84.1,right,1.2,bore
neutral,0.8,0.3,43.2,down,0.8,bore
happy,0,0.1,85.4,down,0,engaged
neutral,0.6,0.2,73.9,center,0.7,bore
neutral,0.1,0.1,87,center,0.1,engaged
happy,0.1,0,88.4,down,0,engaged
happy,0.2,0,95.6,up,0,engaged
neutral,0,0.1,87.2,center,0,engaged
happy,0,0.1,88.7,center,0.2,engaged
neutral,0.1,0.1,89.7,up,0,engaged
tired,0.3,0.3,59.4,center,0.9,bore
neutral,0.2,0,87.1,center,0.2,engaged
,0,0.1,98.2,down,0.2,engaged
happy,0,0.1,93.1,center,0.1,engaged
tired,0.6,0.4,34,center,0.7,bore
not_detected,0.6,0.3,75.4,center,1.4,bore
tired,0.9,0.2,75.2,left,0.4,bore
happy,0.1,0.1,90.8,center,0.2,engaged
happy,0,0.1,93.5,center,0.1,engaged
not_detected,0.3,0.4,73,left,1.2,bore
neutral,0.2,0.1,93.1,center,0.1,engaged
happy,0.2,0.1,98.1,center,0.2,engaged
sad,0.3,0.4,63.9,left,0.5,bore
neutral,0,0.1,95.3,center,0.1,engaged
neutral,0,0.1,87.2,up,0,engaged
tired,1.1,0.3,81.4,left,0.5,bore
sad,1.1,0.1,43.7,down,0.5,bore
neutral,0,0.1,91.5,center,0.2,engaged
tired,0.3,0.1,36.9,left,0.4,bore
happy,0.1,0.1,93.3,center,0.1,engaged
happy,0.2,0,99.9,center,0.2,engaged
happy,0,0,94.2,center,0.2,engaged
tired,1.2,0.2,58.7,left,0.8,bore
sad,,0.4,33.1,center,0.6,bore
not_detected,0.8,0.4,73.6,down,1.1,bore
not_detected,1,0.3,83.4,center,0.8,bore
happy,0,0.1,89.2,center,0.1,engaged
tired,0.6,0.2,46.8,center,1.5,bore
neutral,1.2,0.1,38.1,left,1.2,bore
neutral,0,0,97.6,center,0,engaged
neutral,0,0.1,99.2,center,0,engaged
neutral,0.5,0.1,82.2,up,0.5,bore
neutral,0.8,0.4,153.9,left,1.3,bore
tired,1.2,0.2,57.2,left,1.4,bore
happy,0,0.1,96.1,center,0.1,engaged
sad,0.8,0.3,51.3,left,0.9,bore
not_detected,1.1,0.4,61.2,down,0.4,bore
happy,0.2,0.1,94.3,center,0.1,engaged
happy,0.2,0,91.6,down,0.2,engaged
happy,0,0.1,99.7,down,0.2,engaged
happy,0.2,0.1,86.7,up,0,engaged
sad,0.5,0.4,64.2,center,0.5,bore
neutral,1,0.3,55.2,down,1.3,bore
neutral,0.9,0.3,42.6,center,0.9,bore
happy,0.1,0.1,91.8,center,0,engaged
sad,0.6,0.4,43.2,right,0.9,bore
neutral,0.5,0.2,43.1,center,1.4,bore
happy,0.2,0.1,93.1,center,0.2,engaged
happy,0.2,0.1,93.6,center,0.2,engaged
tired,0.9,0.2,71.4,down,1.4,bore
neutral,0.2,0.1,99.9,center,0.2,engaged
tired,0.4,0.2,64.6,down,0.7,bore
happy,0,0,89.9,down,0,engaged
neutral,0.2,0,95.7,up,0,engaged
tired,0.8,0.4,54.5,center,0.4,bore
neutral,0,0,97.7,down,0.1,engaged
neutral,0.1,0.1,85.7,center,0,engaged
sad,0.4,0.1,31.5,right,1.5,bore
,0.2,0.1,96.8,center,0.2,engaged
neutral,0.1,0,88.6,center,0.2,engaged
tired,0.9,0.4,48.9,left,0.5,bore
neutral,0,0,97.2,center,0,engaged
not_detected,0.5,0.3,74.1,left,1.2,bore
sad,0.8,0.2,71.6,left,0.5,bore
neutral,0.7,0.4,69.6,right,0.7,bore
neutral,0,0.1,96.3,center,0.1,engaged
sad,0.8,0.1,65.4,left,1.4,bore
tired,1,0.2,33.5,center,0.4,bore
happy,0.2,0,85.4,up,0.2,engaged
tired,0.9,0.2,44.9,right,1,bore
not_detected,1,0.3,30.7,right,0.5,bore
neutral,0.1,0,86.7,center,0.2,engaged
happy,,0,86.4,down,0,engaged
neutral,0.1,0,87.1,center,0,engaged
happy,0.1,0,85.1,center,0.2,engaged
sad,1,0.2,59.8,right,0.8,bore
happy,0.1,0.1,87.4,center,0.2,engaged
neutral,0.2,0,87.9,center,0.2,engaged
neutral,0.1,0.1,98.7,center,0.2,engaged
sad,0.7,0.3,69.2,center,1.2,bore
happy,0.1,0.1,96.3,center,0,engaged
neutral,0,0.1,86.2,center,0.1,engaged
happy,0.2,0.1,90.9,down,0,engaged
tired,0.3,0.1,81.7,down,0.4,bore
neutral,0.3,0.1,76.8,center,0.5,bore
neutral,0,0,98.2,center,0,engaged
neutral,1,0.2,36.2,right,0.4,bore
not_detected,1,0.2,70.2,right,0.6,bore
happy,0.1,0.1,85.3,down,0.1,engaged
happy,0.2,0,90.2,center,0.2,engaged
happy,0.2,0.1,86.4,down,0,engaged
neutral,0.1,0.1,95.4,center,0.2,engaged
neutral,0.4,0.2,43.8,up,0.7,bore
tired,0.4,0.4,52,left,1.1,bore
neutral,0,0,93.2,center,0,engaged
sad,0.8,0.3,41.8,center,0.9,bore
neutral,0,0,90.6,,0.1,engaged
sad,0.4,0.3,74.7,center,0.8,bore
neutral,1,0.2,56.1,left,0.5,bore
happy,0.2,0,97.8,center,0.2,engaged
neutral,0.8,0.4,66.3,left,3.7,bore
tired,0.3,0.1,83.3,down,0.9,bore
neutral,0.1,0.1,91.6,center,0,engaged
happy,0.2,0.1,99.6,down,0,engaged
sad,0.7,0.3,32.7,left,1.4,bore
neutral,0,0,98.8,center,0.2,engaged
happy,0,0.1,88.6,center,0.2,engaged
happy,0.2,0,85.4,center,0,engaged
neutral,0.1,0,85.3,center,0.1,engaged
happy,0.1,0,92.1,up,0.2,engaged
happy,0.1,0,99,center,0.2,engaged
neutral,0.3,0.2,82,right,1.2,bore
neutral,0.1,0.1,88.8,up,0,engaged
neutral,0,0.1,97.3,center,0,engaged
not_detected,0.4,0.4,61.7,left,1.1,bore
neutral,0.1,0.1,99.1,center,0.1,engaged
neutral,0.2,0,91.8,center,0,engaged
tired,1,0.4,78.7,center,0.4,bore
neutral,0,0,88.5,down,0.2,engaged
not_detected,1.2,0.3,56.2,left,1.3,bore
happy,0.2,0.1,90,down,0.1,engaged
neutral,0.9,0.2,62,left,0.5,bore
tired,0.8,0.3,75.8,down,1.2,bore
neutral,0.9,0.1,51.6,center,0.6,bore
neutral,3.8,0,89.4,center,0.2,engaged
neutral,0,0,92.8,center,0.1,engaged
sad,0.9,0.1,79.4,down,0.9,bore
neutral,0.1,,89.1,down,0.1,engaged
happy,0.1,0,86.9,center,0.1,engaged
not_detected,0.8,,82.7,left,1.1,bore
happy,0,0.1,97.1,center,0,engaged
neutral,0.3,0.1,80.6,left,1.1,bore
happy,0.1,0,86.6,center,0,engaged
neutral,1.2,0.3,80.7,center,0.9,bore
neutral,0.2,0,97,down,0,engaged
happy,0.1,0.1,95.8,up,0.2,engaged
happy,0.1,0,89.9,center,0,engaged
neutral,0,0.1,91.2,center,0.1,engaged
happy,0,0.1,89.7,center,0,engaged
happy,0.1,0,95.9,center,0,engaged
happy,0,0,96,center,0.2,engaged
neutral,0.1,0.1,90.9,center,0,engaged
not_detected,0.9,0.3,39.5,right,1.3,bore
neutral,0,0.1,88.7,center,0,engaged
neutral,1.1,0.4,58.3,down,1,bore
tired,1,0.1,47.3,center,1,bore
happy,0.1,0,98.6,center,0.1,engaged
happy,0.1,0.1,89.6,center,0,engaged
not_detected,0.8,0.2,54.3,down,1.4,bore
neutral,0,0,96.5,center,0,engaged
happy,0.1,0,95.2,center,0,engaged
neutral,0.8,0.1,58.7,down,1.3,bore
happy,0.2,0.1,86,center,,engaged
sad,1,0.4,74.3,right,0.8,bore
neutral,1.1,0.3,80.1,up,1,bore
happy,0.2,,91.4,center,0.1,engaged
neutral,0.3,0.1,61.2,down,1.1,bore
neutral,0.1,0,91.8,center,0.1,engaged
neutral,0.4,0.2,35.2,left,1.1,bore
neutral,0,0.1,85.3,center,0.2,engaged
neutral,0.2,0,90.8,center,0,engaged
neutral,0,0,96,up,0,engaged
tired,0.3,0.1,54.5,right,0.8,bore
happy,0,0.1,94.4,center,0.2,engaged
happy,0.2,0,91.1,center,0.2,engaged
neutral,,0,92.6,center,0,engaged
not_detected,0.4,0.1,70.4,center,0.6,bore
neutral,0.1,0,95.4,center,0.1,engaged
not_detected,0.8,0.3,60.5,center,0.4,bore
tired,0.4,0.2,33.6,center,0.5,bore
tired,1,0.2,66.2,right,1,bore
neutral,0.2,0.1,90.1,center,0,engaged
tired,0.7,0.1,52.5,right,0.5,bore
neutral,0.1,0.1,93.8,center,0,engaged
happy,0.2,0,90.4,center,0.1,engaged
tired,1.1,0.1,32.4,down,1.1,bore
happy,0.1,0,95.8,center,0.1,engaged
neutral,0.6,0.4,80.6,left,1.2,bore
neutral,0.2,0,100,center,0,engaged
neutral,0,0,95.5,down,0.1,engaged
neutral,0.2,0,93.8,center,0.2,engaged
happy,0.1,0,87.9,center,0,engaged
tired,0.9,0.2,77.3,left,1.5,bore
not_detected,0.6,0.4,70.9,up,1.1,bore
neutral,0.1,0,94.7,down,0.2,engaged
neutral,0.1,0.1,85.2,down,0.1,engaged
sad,0.5,0.3,47.7,right,1.2,bore
tired,1.1,0.2,52.7,down,1.5,bore
neutral,0.2,0,91.7,center,0.1,engaged
happy,0,0.1,94.9,down,0,engaged
happy,0.2,0,87.9,center,0.1,engaged
happy,0.1,0,87.6,center,0.1,engaged
happy,0.1,0.1,87.6,down,0.1,engaged
not_detected,0.8,0.1,70.6,right,0.9,bore
not_detected,0.3,0.1,34.2,down,0.9,bore
happy,0.2,0.1,94.7,center,0.1,engaged
neutral,0.6,0.2,33.9,left,1,bore
not_detected,0.5,0.2,47.8,center,1.5,bore
happy,0.1,0.1,97.3,center,0,engaged
sad,1,0.4,32.4,center,1,bore
neutral,1.2,0.2,61.2,left,1.5,bore
happy,0.2,0.1,96.9,center,0.2,engaged
neutral,0.1,0,87.3,center,0,engaged
tired,0.8,0.3,75.3,down,1.5,bore
neutral,0.6,0.1,44,right,1.4,bore
happy,0.2,0,89,center,0,engaged
happy,0,0.1,88,down,0,engaged
happy,0.1,0,94.9,center,0.1,engaged
sad,0.8,0.3,47.7,right,1.4,bore
sad,0.6,0.4,83.8,left,1.3,bore
neutral,0.7,0.3,82.7,center,1.2,bore
happy,0,0.1,85.5,center,0.1,engaged
happy,0,0.1,95,down,0.1,engaged
happy,0.2,0,95.1,down,0.2,engaged
neutral,0,0,88.7,center,0.2,engaged
neutral,1,0.4,51.4,up,1.3,bore
neutral,0.6,0.1,44.1,right,1.4,bore
not_detected,1.1,0.4,39.8,left,1.3,bore
neutral,0.1,0,85.7,center,0,engaged
tired,0.3,0.4,81.6,left,0.7,bore
sad,1.1,0.2,31,down,0.4,bore
happy,0.1,0.1,95,center,0,engaged
happy,0.1,0.1,94.4,center,0,engaged
tired,0.6,0.4,83.2,down,0.5,bore
sad,0.7,0.2,81.7,down,0.8,bore
not_detected,1,0.3,72,down,1.5,bore
tired,1.1,0.4,69.3,down,1.4,bore
neutral,0,0.1,91.2,down,0.2,engaged
tired,0.7,0.2,53.8,right,0.8,bore
happy,0,0.1,93.3,down,0,engaged
neutral,0.1,0.1,95.1,down,0,engaged
sad,1.2,0.4,68.9,center,1.5,bore
neutral,0.8,0.2,69.2,center,1.3,bore
not_detected,0.8,0.4,31.3,center,1.1,bore
neutral,0.2,0,89.3,center,0.1,engaged
neutral,0.2,0.1,89.8,center,0,engaged
neutral,0,0,94.7,center,0.2,engaged
sad,0.5,0.4,48.8,right,0.4,bore
happy,0,0,91.9,down,0.1,engaged
happy,0.2,0,91.4,down,0.1,engaged
neutral,0.1,0,98.7,center,0,engaged
tired,0.7,0.4,,right,0.4,bore
neutral,0.2,0,87.3,center,0.1,engaged
happy,0.2,0.1,89.8,center,0.1,engaged
neutral,0,0.1,97.2,down,0.2,engaged
happy,0.2,0,88.7,down,0.1,engaged
tired,0.6,0.1,65.3,right,1.3,bore
neutral,0.8,0.4,51.9,down,0.6,bore
neutral,0,0.1,89.2,center,0,engaged
happy,0.1,0.1,89.8,center,0.2,engaged
neutral,0,0,97.1,center,0.2,engaged
neutral,0.1,0,89,up,0.1,engaged
neutral,0.1,0.1,87.7,center,0.2,engaged
neutral,0,0,86.4,center,0.1,engaged
neutral,0,0,91.9,center,0.2,engaged
not_detected,0.9,0.3,75.1,center,0.7,bore
happy,0.2,0.1,92.9,down,0.2,engaged
happy,0.1,0.1,92.1,down,0.2,engaged
sad,0.8,0.2,80.2,down,1.2,bore
sad,1.2,0.1,63.8,center,1.2,bore
neutral,0.1,0,98,center,0.1,engaged
neutral,0.2,0,94.2,center,0,engaged
sad,0.5,0.1,73.3,right,0.8,bore
neutral,0.1,0.1,87,center,0,engaged
neutral,0.2,0.1,90.7,down,0,engaged
happy,0.1,0,86,center,0.2,engaged
tired,0.5,0.4,52.9,left,1,bore
neutral,0,0,85.6,center,0,engaged
neutral,1.2,0.4,36,down,0.4,bore
neutral,0.5,0.3,38.7,left,0.9,bore
happy,0.2,0.1,94.4,center,0.2,engaged
happy,0.2,0.1,96.6,center,0,engaged
neutral,0.2,0,92,center,0.2,engaged
not_detected,0.3,0.3,60.5,down,1.4,bore
happy,0,0,98.4,down,0,engaged
happy,0.2,0,96.5,down,0.1,engaged
neutral,0,0,87.2,center,0.2,engaged
neutral,0,0.1,97.4,center,0.1,engaged
neutral,0.2,0.1,88.9,center,0.1,engaged
,0,0.1,91,center,0.2,engaged
tired,0.6,0.3,34.3,left,0.7,bore
sad,0.5,0.2,34.1,left,1,bore
happy,0.1,0,91.9,center,0,engaged
tired,1.2,0.3,77.4,center,0.7,bore
neutral,0.1,0,89.2,down,0.1,engaged
happy,0,0,90.7,center,0.2,engaged
tired,0.7,0.4,73.2,right,1.4,bore
sad,1.2,0.2,58.8,right,1.3,bore
neutral,0,0.1,94,center,0.1,engaged
neutral,1,0.3,71.2,center,1.4,bore
neutral,0,0,92.8,center,0.2,engaged
happy,0.1,0.1,86.2,center,0.2,engaged
neutral,0.1,0,94.2,down,0,engaged
neutral,0.1,0,94.8,up,0.1,engaged
neutral,0,0,96,center,0.1,engaged
neutral,0,0.1,87.7,center,0.1,engaged
neutral,0.2,0,97.5,down,0.2,engaged
happy,0.2,0.1,86.2,center,0,engaged
happy,0.1,0,85.3,down,0.1,engaged
sad,1.2,0.1,67.5,down,0.6,bore
not_detected,1.2,0.3,79.8,right,1.5,bore
happy,0.2,0,86,center,0.2,engaged
happy,0.2,0.1,98.2,down,0,engaged
not_detected,0.6,0.1,73.1,up,0.9,bore
happy,0.1,0.1,87.5,center,0.1,engaged
neutral,0.8,0.2,31.7,down,1.2,bore
,0,0.1,88.6,center,0.1,engaged
happy,0.2,0.1,88.4,center,0,engaged
neutral,0,0.1,88.6,center,0.1,engaged
happy,0.2,0,87.3,,0.1,engaged
tired,1.1,0.1,39.7,left,1.1,bore
neutral,0.4,0.4,51.3,right,0.9,bore
tired,0.5,0.1,58.5,center,0.8,bore
happy,0,0.1,86.5,center,0.2,engaged
happy,0.2,0,92.4,center,0.1,engaged
neutral,0.4,0.1,51.8,center,0.8,bore
neutral,0,0,99.3,center,0,engaged
neutral,0,0,88.6,down,0.2,engaged
neutral,0.2,0.1,92.1,center,,engaged
happy,0,0.1,97.8,up,0.2,engaged
neutral,1.2,0.3,42,down,1.4,bore
neutral,0.5,0.1,40.3,left,1.5,bore
neutral,0,0,95,center,0.1,engaged
neutral,0.2,0,93.9,center,0,engaged
neutral,0,0,95.5,center,0,engaged
sad,0.6,0.1,49.8,left,1.3,bore
neutral,0.5,0.2,67.2,center,0.5,bore
happy,0.2,0,98.9,center,0.1,engaged
neutral,0.8,0.2,69.8,right,1.3,bore
happy,0.2,0.1,93.4,up,0.1,engaged
neutral,0.2,0,94.9,center,0.2,engaged
happy,0,0.1,98.9,center,0,engaged
neutral,0.1,0,89.5,center,0,engaged
happy,0.1,0.1,94.1,center,0,engaged
tired,1,0.4,53.1,left,0.4,bore
happy,0,0,91.4,center,0.2,engaged
neutral,0.1,0.1,97.8,center,0,engaged
happy,0.1,0,90.4,center,0,engaged
neutral,0.1,0,97.3,center,0,engaged
tired,0.8,0.3,53.4,center,0.8,bore
not_detected,0.8,0.3,77.6,down,1.5,bore
tired,0.6,0.3,31.2,down,0.8,bore
happy,0.1,0.1,93.3,center,0,engaged
sad,0.7,0.1,75.4,right,0.7,bore
happy,0.1,0,99.2,center,0.2,engaged
happy,0.2,0.1,91.8,center,0.1,engaged
,0.5,0.1,37.4,right,0.6,bore
neutral,0,0.1,98.9,center,0,engaged
tired,0.3,0.1,53.2,down,0.4,bore
sad,1.2,0.1,61,center,0.8,bore
not_detected,0.3,0.4,41.1,center,0.9,bore
happy,0.1,0,98.5,center,0,engaged
tired,0.9,0.2,47.5,right,1.1,bore
sad,0.5,0.4,75,down,1.3,bore
happy,0.1,0,90.1,down,0.2,engaged
neutral,0,0,93.5,down,0,engaged
happy,0.1,0.1,98.7,down,0.1,engaged
neutral,0.2,0.1,90.1,up,0.2,engaged
neutral,0.1,0.1,95.4,down,0.2,engaged
happy,0.2,0,97.5,down,0,engaged
neutral,0,0.1,89.7,center,0.2,engaged
tired,1,0.4,72,right,1.5,bore
happy,0.1,0,90.4,center,0.2,engaged
happy,0.2,0,88.1,center,0,engaged
sad,0.7,0.2,53.3,down,1.4,bore
neutral,0,0,92,center,0.2,engaged
not_detected,1.2,0.1,61.1,down,3.9,bore
tired,1.1,,75,center,0.8,bore
sad,0.9,0.1,42.9,up,0.4,bore
happy,0.2,0.1,86.7,center,0.1,engaged
happy,0.2,0.1,85.3,center,0,engaged
neutral,0.8,0.2,75.9,down,0.9,bore
happy,0.1,0.1,86.9,down,0.1,engaged
happy,0.1,0,94.3,center,0.1,engaged
neutral,0.2,0.1,88.9,center,0.2,engaged
happy,0.1,0,98.3,center,0,engaged
not_detected,1.1,0.2,68.9,center,0.6,bore
happy,0.2,0.1,93.4,down,0.2,engaged
tired,1,0.1,57.2,left,0.6,bore
happy,0.1,0.1,96.3,center,0,engaged
neutral,1.2,0.2,69.6,center,0.7,bore
happy,0.2,0.1,86.3,center,0,engaged
happy,0.2,0,96.6,center,0.1,engaged
tired,1.2,0.3,77.4,center,0.7,bore
happy,0,0,87.5,center,0,engaged
happy,0.2,0.1,94.1,down,0.2,engaged
not_detected,0.5,0.2,57.3,down,0.8,bore
happy,0.2,0,87.1,center,0.1,engaged
neutral,0.1,0,98.4,down,0.1,engaged
neutral,0.2,0.1,91.8,center,0.2,engaged
neutral,0.2,0.1,87,center,0.2,engaged
neutral,0,0,93.9,up,0.1,engaged
neutral,0,0,94.2,center,0.1,engaged
happy,0.2,0.1,99.4,center,0.1,engaged
neutral,0,0,87.6,center,0,engaged
sad,1.1,0.2,50.6,down,0.4,bore
happy,0.2,0.1,86.2,center,0.2,engaged
tired,0.4,0.1,48.2,right,0.4,bore
neutral,0.2,0,85.6,center,0.1,engaged
neutral,0,0.1,91.9,center,0,engaged
not_detected,1,0.1,73.2,right,1.4,bore
not_detected,0.4,0.4,60.3,right,0.9,bore
neutral,0,0,96.5,center,0,engaged
neutral,0.2,0,89.8,center,0.1,engaged
neutral,0.7,0.4,65.2,down,1.2,bore
not_detected,1,0.1,55.5,center,1.2,bore
happy,0.2,0.1,93.8,down,0,engaged
happy,,0,96.6,center,0,engaged
tired,0.8,0.1,33.4,right,1.1,bore
sad,1,0.2,55.5,center,0.8,bore
happy,0.2,0.1,95.8,center,0.2,engaged
,0.2,0.1,87.4,center,0,engaged
happy,0,0.1,91.7,down,0,engaged
neutral,0.1,0,86.9,center,0,engaged
tired,0.6,0.2,63.2,center,1.1,bore
neutral,0.1,0,98.4,center,0.2,engaged
neutral,0.2,0,91.4,down,0.2,engaged
happy,0.2,0.1,93.6,center,0.1,engaged
neutral,0.1,0.1,95.6,up,0.1,engaged
tired,0.8,0.2,49.8,center,1.1,bore
neutral,0,0.1,90.4,down,0.2,engaged
neutral,0,0.1,96.7,center,0,engaged
neutral,0.1,0.1,88.8,up,0,engaged
neutral,0.1,0,89.1,center,0,engaged
tired,1.1,0.3,68.3,down,1.1,bore
sad,0.6,0.2,37.4,center,1,bore
tired,1.1,0.3,39.6,down,1.3,bore
happy,0.1,0.1,92.1,up,0.2,engaged
happy,0.2,0,99.3,center,0.1,engaged
happy,0.1,0.1,99.9,center,0,engaged
tired,1.1,0.3,69.7,center,0.6,bore
happy,0.2,0.1,85.8,up,0.2,engaged
neutral,0.2,0,95.9,center,0.1,engaged
neutral,0.1,0,91.8,center,0.2,engaged
happy,0.1,0,96,up,0.1,engaged
happy,0,0,96.2,center,0.1,engaged
,0.4,0.1,37.2,down,0.7,bore
not_detected,0.3,0.2,94.9,,0.4,engaged
happy,0,0.2,95.7,center,0.1,engaged
,0.4,0.2,92.4,up,0.6,engaged
tired,0.6,0.7,32.8,,1.1,bore
tired,0.1,0,84.6,center,0.2,engaged
sad,0.7,0.9,29.9,center,2,bore
happy,0.7,0.7,28.3,left,1.4,bore
happy,0.3,0,99.2,right,0.5,engaged
sad,0.7,0.9,38.7,,1.8,bore
sad,0.7,0.8,13.8,up,1.9,bore
tired,0.3,0,90.1,left,0.4,engaged
happy,0.9,0.9,1.8,,1.2,bore
not_detected,0.2,0.2,78.7,right,0.1,engaged
sad,0.2,0.2,94.4,right,0,engaged
sad,1,0.8,20.2,,1.9,bore
happy,0.8,0.5,26.6,center,1.4,bore
not_detected,0.4,0.1,80.6,center,0.3,engaged
,0.8,1,39.9,left,1.9,bore
not_detected,0.7,0.9,4.7,down,2,bore
sad,0.8,0.8,3.9,up,1.5,bore
happy,0.8,0.9,33.4,left,1.3,bore
not_detected,0.3,0,84.1,right,0.3,engaged
not_detected,0.2,0,96.6,right,0.2,engaged
,0,0.2,98.1,center,0.3,engaged
tired,0.2,0.1,91.9,right,0.4,engaged
neutral,0.9,0.8,35.5,right,1.1,bore
not_detected,0.2,0.2,92.1,right,0.5,engaged
not_detected,0.7,1,0.1,down,1.7,bore
,0.1,0.3,93.5,right,0.3,engaged
happy,0.3,0,76.1,left,0.4,engaged
not_detected,0.3,0.2,81.6,right,0.6,engaged
happy,0.8,0.7,1.1,center,0.9,bore
neutral,0.8,0.8,35.8,center,1.6,bore
tired,0.8,1,18,left,1.4,bore
,0,0.2,96.8,right,0.6,engaged
happy,0,0.2,97.6,right,0.3,engaged
,0.1,0.3,81.9,right,0.1,engaged
sad,0.1,0.2,96.8,center,0.4,engaged
neutral,0.2,0.1,88.9,down,0,engaged
neutral,0.9,0.9,30.5,,1.3,bore
,0.1,0.2,85.9,left,0,engaged
happy,0.7,1,37.2,left,1,bore
,0.4,0.3,99.2,down,0.5,engaged
not_detected,0.6,0.6,38.7,up,1.1,bore
neutral,0.8,0.6,26,right,1.3,bore
not_detected,0.7,0.6,12.4,up,1.4,bore
neutral,0.1,0.3,76.8,down,0.6,engaged
happy,0.3,0.3,69.3,right,0.4,engaged
tired,0.9,0.8,30.4,left,1.4,bore
happy,0,0.1,62.1,down,0,engaged
happy,1,0.9,9.4,,1.6,bore
happy,0,0.1,96.4,,0.3,engaged
,0.8,0.9,34.9,right,1.3,bore
,0.2,0.2,65.3,up,0.1,engaged
happy,1,0.5,25.1,down,1.5,bore
neutral,0.8,1,24.3,,0.8,bore
tired,0.8,0.8,24.8,down,1.5,bore
happy,0.6,0.6,11.8,center,1.2,bore
,0.2,0.2,96,left,0.5,engaged
not_detected,0.2,0.2,85.9,down,0.3,engaged
tired,0.2,0.2,70.1,down,0,engaged
happy,0.8,0.6,3,left,1.6,bore
neutral,0.2,0.1,75.5,up,0.3,engaged
neutral,0.7,0.8,39.2,down,1,bore
happy,0.3,0,69.9,up,0.4,engaged
,0.2,0.3,83.7,,0.3,engaged
tired,0.1,0,76.6,right,0.3,engaged
happy,0.7,0.7,10.9,left,2,bore
tired,0.6,0.7,29.5,up,0.9,bore
tired,0.4,0.2,65.8,left,0.4,engaged
happy,0.9,0.8,35.7,right,1.3,bore
sad,0.6,0.6,20.3,,1,bore
tired,0.1,0.1,85.9,down,0.4,engaged
not_detected,0.3,0.1,78.2,right,0.6,engaged
happy,0.3,0.1,65.1,up,0.4,engaged
neutral,0.3,0.1,90.3,up,0.6,engaged
sad,0.9,0.8,34.5,down,1.3,bore
not_detected,0.2,0.3,80.8,up,0.4,engaged
,0.8,0.9,34.8,right,1.4,bore
sad,0.2,0.2,63.4,up,0.1,engaged
happy,0.4,0.2,79.6,right,0.2,engaged
neutral,0.9,0.6,36.7,,0.8,bore
,0.4,0.2,66.4,,0,engaged
tired,0.7,0.8,18,up,1.9,bore
neutral,0.2,0,60.1,up,0.4,engaged
,0.8,0.8,21.7,down,1.5,bore
neutral,0.7,0.8,0.9,up,1.1,bore
neutral,0.9,0.6,13.2,center,1.8,bore
sad,0,0,95.5,left,0.3,engaged
happy,0.4,0.3,67.2,up,0.1,engaged
happy,0.2,0.3,73,,0.3,engaged
not_detected,0,0.2,81,left,0.3,engaged
tired,0.2,0.3,78.5,down,0.2,engaged
tired,0.9,0.7,23,center,1.3,bore
sad,0.4,0,72.4,left,0.1,engaged
,0.9,0.9,27.4,down,1,bore
happy,0.8,0.8,2,,1,bore
neutral,0.8,0.8,21.1,right,2,bore
neutral,1,0.6,2.6,up,1.9,bore
not_detected,0.8,0.5,20.4,left,1.2,bore
not_detected,0.2,0.3,88.2,up,0.4,engaged
,0.7,0.7,34.1,up,0.9,bore
tired,0.6,0.9,6.4,up,1.6,bore
not_detected,0,0.3,61.7,down,0.3,engaged
happy,0,0.2,89.1,center,0.1,engaged
,0.8,1,23.7,,1,bore
neutral,0.3,0.1,69.1,right,0,engaged
sad,0.1,0.1,97.3,center,0.2,engaged
neutral,0.6,0.7,1.7,,1.8,bore
happy,0.1,0.3,87.7,center,0.2,engaged
,0,0.3,98.7,left,0.4,engaged
happy,0,0.3,78.2,center,0.2,engaged
tired,0.9,1,37.3,up,1,bore
sad,0.8,0.6,26.4,center,1.9,bore
,0.6,0.8,25.3,right,1.1,bore
tired,0.9,0.9,12.8,left,1.9,bore
sad,0.4,0.3,60.9,down,0.3,engaged
,0,0.1,80.6,up,0.4,engaged
happy,0.3,0.2,88,center,0.3,engaged
not_detected,0.2,0.3,77.3,up,0.4,engaged
tired,0.3,0.2,78.2,,0.4,engaged
sad,0.1,0.2,87.1,up,0.2,engaged
tired,0.4,0.2,65.2,up,0.6,engaged
not_detected,0.1,0.3,87.2,down,0.5,engaged
sad,0.7,0.7,14,right,1.2,bore
tired,0.3,0.2,89.7,left,0.1,engaged
,0.2,0,97.7,right,0.4,engaged
sad,0.2,0.2,96.8,,0.4,engaged
,0,0.2,87.6,down,0,engaged
neutral,0.3,0.2,74.3,right,0.1,engaged
tired,0.1,0,77.3,center,0,engaged
sad,0,0.2,91.2,center,0.5,engaged
sad,0.1,0.2,68.6,down,0.5,engaged
neutral,0.7,0.8,29.6,,0.9,bore
sad,0,0.2,74,up,0.6,engaged
sad,0.2,0.1,74,,0.1,engaged
not_detected,0.6,0.7,28.8,left,1.3,bore
sad,0.1,0.3,82.3,left,0.1,engaged
happy,0.1,0,62.9,,0.4,engaged
happy,0,0,91.2,,0.4,engaged
,0.2,0.3,65.5,center,0.3,engaged
neutral,0.1,0.1,99.9,center,0.1,engaged
neutral,0.1,0.1,64.4,,0.5,engaged
happy,0.9,0.7,22,,1.8,bore
not_detected,0.4,0,78.3,center,0.1,engaged
sad,0.2,0,64.4,down,0.3,engaged
neutral,0.8,0.5,2,right,1.1,bore
sad,0.2,0.1,77.8,center,0.1,engaged
not_detected,0.8,0.6,13.9,center,2,bore
happy,0.2,0.3,76.1,left,0.1,engaged
tired,0.2,0,71.2,,0.2,engaged
not_detected,0.3,0.2,69.3,up,0.3,engaged
happy,0.7,0.6,5,up,1,bore
happy,0.3,0.1,98,left,0.3,engaged
neutral,0.2,0.2,80.9,left,0.2,engaged
happy,0.3,0.3,89.8,center,0.4,engaged
sad,0.8,1,10,right,1.6,bore
tired,0,0.2,72.7,center,0.3,engaged
tired,1,0.8,38.7,up,0.9,bore
tired,0.9,0.7,16.5,,1.6,bore
tired,1,1,14.9,left,0.8,bore
neutral,0.1,0.2,86.9,down,0.5,engaged
sad,0.7,0.6,3.9,,1.2,bore
sad,0.7,1,12.1,right,1,bore
happy,0.7,0.9,39.1,,0.9,bore
sad,0.2,0.1,76.2,center,0.1,engaged
tired,0.9,0.7,36.1,,1,bore
sad,0.2,0.1,97.1,left,0.4,engaged
sad,0.1,0.3,80,left,0.6,engaged
sad,0.1,0,74.3,left,0.3,engaged
neutral,0,0,77.6,left,0,engaged
happy,0.2,0.2,99,center,0.1,engaged
tired,0.8,0.9,20.7,left,1.7,bore
tired,0.2,0.2,94.3,up,0.4,engaged
happy,0.4,0.1,91.1,down,0.4,engaged
neutral,0.9,0.8,23.1,down,2,bore
happy,0.3,0,76,left,0.1,engaged
,0.9,0.6,15.5,down,1.7,bore
happy,0.9,0.7,0.8,down,1.4,bore
not_detected,0.9,0.6,26.4,down,1.5,bore
tired,0.3,0.1,79.5,up,0.1,engaged
happy,0.2,0,92.5,left,0,engaged
neutral,0.6,0.6,18.5,,1.2,bore
not_detected,0.9,0.7,3,right,1.8,bore
tired,1,0.7,19.4,,1.9,bore
happy,0.9,0.8,32.5,left,1.9,bore
not_detected,0.1,0.2,90.7,down,0.2,engaged
neutral,0.2,0.2,81.2,left,0.6,engaged
tired,0.9,0.9,29.1,down,1.9,bore
tired,0.3,0.3,76.7,,0.5,engaged
happy,0.1,0.2,89.9,,0.1,engaged
sad,0.9,0.7,38.2,left,1.9,bore
not_detected,0.9,0.9,32,right,1.3,bore
neutral,0.7,0.5,21,center,1.7,bore
happy,0.8,0.6,18,down,1.8,bore
happy,0.4,0.3,64,,0.2,engaged
not_detected,0.1,0.2,91.1,right,0.5,engaged
not_detected,0.6,0.9,17.9,center,1.2,bore
,0.1,0.1,75.2,,0.5,engaged
tired,0.7,0.5,39.8,right,1.5,bore
not_detected,0.3,0.2,98.1,left,0.4,engaged
neutral,0.2,0,84.9,down,0.3,engaged
tired,0.9,0.9,18.6,,1,bore
,0.9,1,30.3,center,1.2,bore
not_detected,0.8,0.9,38.7,left,2,bore
not_detected,0.2,0,68,,0.3,engaged
tired,0.8,0.8,32.2,left,1.8,bore
neutral,0,0,76.4,down,0,engaged
,0.2,0.1,88,right,0.6,engaged
neutral,0.3,0.2,79,,0.2,engaged
sad,0.3,0.2,63.3,,0.4,engaged
tired,0.2,0.1,62,,0.1,engaged
neutral,0.2,0.1,95.9,down,0.3,engaged
neutral,1,0.8,32,up,1,bore
not_detected,0.8,1,17.3,up,1.8,bore
tired,0.3,0,82.9,up,0.2,engaged
sad,0.1,0.3,84.1,left,0.3,engaged
neutral,0.4,0.2,95.6,,0.5,engaged
not_detected,0.1,0.1,60.4,right,0.6,engaged
neutral,0,0,98.7,,0.5,engaged
happy,0.8,0.7,5.7,center,1.2,bore
tired,0.3,0.2,90.6,,0.4,engaged
neutral,0.1,0.1,66.4,down,0.6,engaged
sad,0.2,0,63.9,left,0.2,engaged
happy,0.8,0.8,4.9,,1,bore
sad,0.7,0.8,2.6,left,1.9,bore
tired,0.2,0.1,60.1,right,0.3,engaged
not_detected,0.1,0.3,67.2,left,0.2,engaged
happy,0.4,0.2,70.2,down,0.5,engaged
not_detected,0.1,0.2,75.6,center,0.5,engaged
neutral,0.6,0.6,1.8,down,1.6,bore
,0.9,0.8,16.3,center,1.9,bore
sad,0.8,0.8,9.1,up,1.2,bore
sad,0.9,0.6,2.4,down,1.9,bore
neutral,0.2,0.2,72.1,up,0.3,engaged
not_detected,0.1,0.1,75.1,,0.4,engaged
not_detected,0.9,0.7,3.6,down,1.2,bore
sad,0.4,0.3,82,right,0.3,engaged
happy,0.4,0.1,68.2,up,0.4,engaged
sad,0.9,0.7,4.3,up,1.8,bore
,0.1,0.3,91.7,left,0.4,engaged
happy,0,0.2,62.1,left,0.1,engaged
tired,1,0.8,25.7,down,1.3,bore
happy,0.7,0.9,29.7,up,0.9,bore
neutral,0.8,1,4.5,down,1.3,bore
,0.9,0.8,8.9,up,0.9,bore
,0.8,0.6,15.5,center,1.1,bore
,0.7,0.7,33.6,,0.8,bore
sad,0.2,0.3,84.5,center,0.2,engaged
neutral,0.7,1,12.2,left,1.1,bore
,0.1,0.2,72.5,down,0.5,engaged
sad,0.1,0,91.5,,0.6,engaged
happy,0.4,0.3,74.6,up,0.4,engaged
neutral,0.7,0.7,15,left,1.2,bore
tired,0.7,0.8,11.5,,1.1,bore
sad,0.8,0.6,31.3,center,1.4,bore
tired,0.2,0.3,84.5,down,0.3,engaged
,0.3,0.2,84.5,center,0,engaged
tired,0.6,0.9,27.7,,1.6,bore
not_detected,0.9,1,13,left,1.1,bore
happy,0.7,0.6,20.2,,1.9,bore
not_detected,0.9,0.6,24,up,1.7,bore
not_detected,0.3,0,75.6,center,0.4,engaged
not_detected,0.9,0.9,29.3,up,1.7,bore
sad,0.1,0.1,75.2,right,0.6,engaged
happy,1,0.7,24.6,center,0.9,bore
happy,0.7,0.5,27.6,down,1.3,bore
neutral,0.2,0,92.9,,0.1,engaged
happy,0.9,0.7,30.4,,1.6,bore
sad,0.1,0.1,66.7,left,0.5,engaged
sad,0.2,0.1,96.8,center,0.5,engaged
happy,0.8,0.5,20.6,center,1.3,bore
sad,0.1,0.2,66.6,right,0.6,engaged
sad,0.7,0.6,36.7,down,1.9,bore
tired,0.8,0.8,6.6,center,1.5,bore
tired,1,0.8,5.8,down,1.4,bore
sad,0.1,0.2,66.4,center,0.4,engaged
happy,0.1,0.1,73.8,right,0.6,engaged
happy,0.4,0.1,62.3,,0.4,engaged
sad,0.3,0.2,68.3,right,0.3,engaged
happy,0.7,0.6,23.5,down,1.5,bore
not_detected,0.1,0.1,79.7,down,0.4,engaged
sad,0,0,75.7,up,0.1,engaged
happy,0.4,0,68.6,up,0.4,engaged
tired,0.1,0.2,77.8,center,0.1,engaged
not_detected,0.6,0.8,2,left,1.6,bore
,0.8,1,10.7,up,0.9,bore
sad,0.7,0.9,17.4,up,1.2,bore
happy,0.7,0.6,12.7,up,1.2,bore
not_detected,0,0.2,89.9,center,0.6,engaged
sad,0.1,0.1,91.4,left,0.2,engaged
happy,0.7,0.8,10.5,right,2,bore
neutral,0.7,0.9,3.1,down,1.7,bore
sad,0.6,0.7,11,,1.9,bore
sad,0.9,0.5,14.4,center,1.7,bore
not_detected,0.1,0.1,94.5,,0.6,engaged
,0.1,0.2,85.3,up,0.2,engaged
tired,0.2,0,93.5,center,0.2,engaged
tired,0.7,0.9,19.9,,1.6,bore
not_detected,0,0.2,64.3,down,0.2,engaged
neutral,0.3,0.1,92.5,up,0.5,engaged
not_detected,0.9,0.6,7,right,1.3,bore
,0.8,0.7,25.7,center,1.3,bore
tired,0.8,0.6,22.7,left,1.1,bore
,0.1,0.1,71.5,,0.6,engaged
neutral,0.8,0.9,6.3,left,1,bore
happy,0.3,0.2,66.2,right,0.6,engaged
not_detected,0.9,0.7,20,,1.7,bore
sad,0.8,0.6,28.3,up,1.5,bore
not_detected,0.9,0.6,26.7,left,1.8,bore
not_detected,0.6,0.7,37.5,center,1.1,bore
not_detected,0.1,0,75.7,right,0.5,engaged
happy,0.9,0.6,39.9,down,1.5,bore
tired,0.1,0.2,79.4,left,0.3,engaged
not_detected,0.8,0.7,28.1,up,1.4,bore
happy,0,0.3,82.4,center,0.4,engaged
sad,0.8,0.5,30.8,center,1.7,bore
happy,1,1,12.9,down,1.7,bore
sad,0.7,0.5,37.2,down,1.7,bore
not_detected,0.8,0.7,27.2,left,1.9,bore
happy,0.1,0.1,74.2,left,0.5,engaged
,0.3,0.2,69.8,left,0.3,engaged
happy,0.4,0.3,72,left,0.5,engaged
sad,0.1,0.1,76.2,down,0.2,engaged
neutral,0.7,0.7,32.3,center,1.5,bore
not_detected,0.3,0.2,71,up,0.6,engaged
,0.3,0,68.9,up,0.5,engaged
neutral,0.1,0,76.6,up,0.6,engaged
happy,0.2,0.1,77.2,down,0.3,engaged
tired,0.6,1,25.3,,1.8,bore
not_detected,0.1,0.1,87.9,down,0.4,engaged
tired,0.9,0.9,18.2,down,1.9,bore
neutral,0,0,83.3,,0.2,engaged
tired,0,0.2,75.3,down,0.3,engaged
tired,0.2,0,75.1,,0.6,engaged
neutral,0.1,0.3,65.4,down,0.2,engaged
not_detected,0.8,0.9,25.3,left,1.9,bore
happy,0.7,0.9,19.9,center,1.4,bore
not_detected,0.2,0.1,85.5,left,0.4,engaged
not_detected,0.2,0.1,94.2,,0.5,engaged
,0.1,0,72.9,down,0.1,engaged
tired,0.9,0.9,31.9,center,1.7,bore
neutral,0.9,0.6,6.6,left,1.5,bore
neutral,0.8,0.6,4.6,right,1.4,bore
neutral,0.8,0.9,20.2,right,1.4,bore
happy,0.1,0.1,60.3,down,0,engaged
neutral,0.2,0.2,75.2,,0,engaged
happy,0.4,0,84,up,0.3,engaged
not_detected,0.8,0.7,37,right,1,bore
neutral,0.3,0.1,84,right,0.2,engaged
tired,0,0.1,65.2,center,0.3,engaged
not_detected,0.2,0.1,94.5,center,0.5,engaged
neutral,0.7,0.9,6.5,left,1.4,bore
neutral,0.2,0.1,85.4,up,0.4,engaged
happy,0.8,0.8,12,,1.7,bore
not_detected,0.2,0,94.9,left,0.3,engaged
happy,0.3,0.3,75.5,center,0,engaged
,0.2,0.2,81.8,center,0.6,engaged
,0.1,0.2,89.8,left,0.4,engaged
sad,0.1,0.1,88.3,up,0.2,engaged
,1,0.7,22.2,up,1.1,bore
tired,0.2,0.2,81.4,center,0.4,engaged
neutral,0.2,0.3,96.6,center,0.4,engaged
not_detected,0.1,0.2,92.8,down,0.4,engaged
neutral,0.8,0.9,12.4,left,1.6,bore
happy,0.9,0.7,29.2,,2,bore
tired,0.1,0.3,81.6,left,0.2,engaged
tired,0.1,0,99.8,right,0.5,engaged
not_detected,0.8,0.8,10,,1.3,bore
not_detected,0.9,1,20.5,center,1,bore
happy,0.1,0,78.7,down,0.1,engaged
neutral,0.2,0,72.1,up,0.2,engaged
neutral,0.6,0.8,2.7,left,1.7,bore
sad,0.7,0.9,37.1,right,0.9,bore
neutral,0.9,0.9,4.3,right,0.9,bore
happy,0.3,0,69.8,down,0.1,engaged
happy,0.7,0.7,6.2,left,1,bore
sad,0.4,0.1,94.9,,0.6,engaged
neutral,0.8,0.6,9.4,center,1.9,bore
sad,0.2,0.3,95.9,,0.1,engaged
,0.6,0.8,10.4,down,1.3,bore
happy,0.3,0.1,71.3,right,0.5,engaged
happy,0.6,0.6,0.5,center,1.5,bore
,0.1,0.1,92.5,,0.5,engaged
sad,0.8,0.5,12.8,up,1,bore
